[0.000000] (-) TimerEvent: {}
[0.000610] (pb_rm_interfaces) JobQueued: {'identifier': 'pb_rm_interfaces', 'dependencies': OrderedDict()}
[0.000634] (my_serial_py) JobQueued: {'identifier': 'my_serial_py', 'dependencies': OrderedDict({'pb_rm_interfaces': '/home/asus/nav_2027/rm_nav_v2/install/pb_rm_interfaces'})}
[0.000647] (pb_rm_interfaces) JobStarted: {'identifier': 'pb_rm_interfaces'}
[0.006644] (pb_rm_interfaces) JobProgress: {'identifier': 'pb_rm_interfaces', 'progress': 'cmake'}
[0.006883] (pb_rm_interfaces) Command: {'cmd': ['/usr/bin/cmake', '/home/asus/nav_2027/rm_nav_v2/src/pb_rm_interfaces', '-DAMENT_CMAKE_SYMLINK_INSTALL=1', '-DCMAKE_INSTALL_PREFIX=/home/asus/nav_2027/rm_nav_v2/install/pb_rm_interfaces'], 'cwd': '/home/asus/nav_2027/rm_nav_v2/build/pb_rm_interfaces', 'env': OrderedDict({'USER': 'asus', 'SSH_CLIENT': '192.168.1.134 49795 22', 'XDG_SESSION_TYPE': 'tty', 'SHLVL': '0', 'LD_LIBRARY_PATH': '/opt/ros/jazzy/opt/rviz_ogre_vendor/lib:/opt/ros/jazzy/lib/x86_64-linux-gnu:/opt/ros/jazzy/opt/gz_math_vendor/lib:/opt/ros/jazzy/opt/gz_utils_vendor/lib:/opt/ros/jazzy/opt/gz_cmake_vendor/lib:/opt/ros/jazzy/lib', 'HOME': '/home/asus', 'OLDPWD': '/home/asus', 'ROS_PYTHON_VERSION': '3', 'DBUS_SESSION_BUS_ADDRESS': 'unix:path=/run/user/1000/bus', 'ROS_DISTRO': 'jazzy', 'LOGNAME': 'asus', '_': '/usr/bin/colcon', 'ROS_VERSION': '2', 'XDG_SESSION_CLASS': 'user', 'XDG_SESSION_ID': '9', 'PATH': '/opt/ros/jazzy/bin:/usr/local/sbin:/usr/local/bin:/usr/sbin:/usr/bin:/sbin:/bin:/usr/games:/usr/local/games:/snap/bin', 'XDG_RUNTIME_DIR': '/run/user/1000', 'LANG': 'en_US.UTF-8', 'AMENT_PREFIX_PATH': '/opt/ros/jazzy', 'SHELL': '/bin/bash', 'ROS_AUTOMATIC_DISCOVERY_RANGE': 'SUBNET', 'PWD': '/home/asus/nav_2027/rm_nav_v2/build/pb_rm_interfaces', 'LC_ALL': 'en_US.UTF-8', 'SSH_CONNECTION': '192.168.1.134 49795 192.168.1.145 22', 'PYTHONPATH': '/opt/ros/jazzy/lib/python3.12/site-packages', 'COLCON': '1', 'CMAKE_PREFIX_PATH': '/opt/ros/jazzy/opt/gz_math_vendor:/opt/ros/jazzy/opt/gz_utils_vendor:/opt/ros/jazzy/opt/gz_cmake_vendor:/opt/ros/jazzy'}), 'shell': False}
[0.085899] (pb_rm_interfaces) StdoutLine: {'line': b'-- The C compiler identification is GNU 13.3.0\n'}
[0.099991] (-) TimerEvent: {}
[0.175402] (pb_rm_interfaces) StdoutLine: {'line': b'-- The CXX compiler identification is GNU 13.3.0\n'}
[0.189660] (pb_rm_interfaces) StdoutLine: {'line': b'-- Detecting C compiler ABI info\n'}
[0.200062] (-) TimerEvent: {}
[0.254745] (pb_rm_interfaces) StdoutLine: {'line': b'-- Detecting C compiler ABI info - done\n'}
[0.260665] (pb_rm_interfaces) StdoutLine: {'line': b'-- Check for working C compiler: /usr/bin/cc - skipped\n'}
[0.261157] (pb_rm_interfaces) StdoutLine: {'line': b'-- Detecting C compile features\n'}
[0.261530] (pb_rm_interfaces) StdoutLine: {'line': b'-- Detecting C compile features - done\n'}
[0.268502] (pb_rm_interfaces) StdoutLine: {'line': b'-- Detecting CXX compiler ABI info\n'}
[0.300168] (-) TimerEvent: {}
[0.327218] (pb_rm_interfaces) StdoutLine: {'line': b'-- Detecting CXX compiler ABI info - done\n'}
[0.333374] (pb_rm_interfaces) StdoutLine: {'line': b'-- Check for working CXX compiler: /usr/bin/c++ - skipped\n'}
[0.333479] (pb_rm_interfaces) StdoutLine: {'line': b'-- Detecting CXX compile features\n'}
[0.333966] (pb_rm_interfaces) StdoutLine: {'line': b'-- Detecting CXX compile features - done\n'}
[0.338449] (pb_rm_interfaces) StdoutLine: {'line': b'-- Found ament_cmake: 2.5.6 (/opt/ros/jazzy/share/ament_cmake/cmake)\n'}
[0.400252] (-) TimerEvent: {}
[0.426265] (pb_rm_interfaces) StdoutLine: {'line': b'-- Found Python3: /usr/bin/python3 (found version "3.12.3") found components: Interpreter \n'}
[0.476945] (pb_rm_interfaces) StdoutLine: {'line': b'-- Override CMake install command with custom implementation using symlinks instead of copying resources\n'}
[0.500411] (-) TimerEvent: {}
[0.503153] (pb_rm_interfaces) StdoutLine: {'line': b'-- Found rosidl_default_generators: 1.6.1 (/opt/ros/jazzy/share/rosidl_default_generators/cmake)\n'}
[0.508318] (pb_rm_interfaces) StdoutLine: {'line': b'-- Using all available rosidl_typesupport_c: rosidl_typesupport_fastrtps_c;rosidl_typesupport_introspection_c\n'}
[0.549369] (pb_rm_interfaces) StdoutLine: {'line': b'-- Using all available rosidl_typesupport_cpp: rosidl_typesupport_fastrtps_cpp;rosidl_typesupport_introspection_cpp\n'}
[0.585227] (pb_rm_interfaces) StdoutLine: {'line': b'-- Found rosidl_adapter: 4.6.9 (/opt/ros/jazzy/share/rosidl_adapter/cmake)\n'}
[0.588841] (pb_rm_interfaces) StdoutLine: {'line': b'-- Found geometry_msgs: 5.3.8 (/opt/ros/jazzy/share/geometry_msgs/cmake)\n'}
[0.600465] (-) TimerEvent: {}
[0.700610] (-) TimerEvent: {}
[0.800902] (-) TimerEvent: {}
[0.901035] (-) TimerEvent: {}
[1.001135] (-) TimerEvent: {}
[1.034020] (pb_rm_interfaces) StdoutLine: {'line': b'-- Found ament_cmake_ros: 0.12.1 (/opt/ros/jazzy/share/ament_cmake_ros/cmake)\n'}
[1.101193] (-) TimerEvent: {}
[1.201356] (-) TimerEvent: {}
[1.301483] (-) TimerEvent: {}
[1.377544] (pb_rm_interfaces) StdoutLine: {'line': b'-- Using all available rosidl_typesupport_c: rosidl_typesupport_fastrtps_c;rosidl_typesupport_introspection_c\n'}
[1.401570] (-) TimerEvent: {}
[1.501716] (-) TimerEvent: {}
[1.601828] (-) TimerEvent: {}
[1.701992] (-) TimerEvent: {}
[1.802130] (-) TimerEvent: {}
[1.809712] (pb_rm_interfaces) StdoutLine: {'line': b'-- Using all available rosidl_typesupport_cpp: rosidl_typesupport_fastrtps_cpp;rosidl_typesupport_introspection_cpp\n'}
[1.812179] (pb_rm_interfaces) StdoutLine: {'line': b'-- Found python_cmake_module: 0.11.1 (/opt/ros/jazzy/share/python_cmake_module/cmake)\n'}
[1.893026] (pb_rm_interfaces) StdoutLine: {'line': b'-- Found PythonExtra: /usr/bin/python3  \n'}
[1.902282] (-) TimerEvent: {}
[2.002490] (-) TimerEvent: {}
[2.102725] (-) TimerEvent: {}
[2.202937] (-) TimerEvent: {}
[2.212704] (pb_rm_interfaces) StdoutLine: {'line': b'-- Found Python3: /usr/bin/python3 (found version "3.12.3") found components: Interpreter Development NumPy Development.Module Development.Embed \n'}
[2.280941] (pb_rm_interfaces) StdoutLine: {'line': b'-- Found Python3: /usr/bin/python3 (found version "3.12.3") found components: Interpreter \n'}
[2.293094] (pb_rm_interfaces) StdoutLine: {'line': b'-- Configuring done (2.3s)\n'}
[2.303112] (-) TimerEvent: {}
[2.327066] (pb_rm_interfaces) StdoutLine: {'line': b'-- Generating done (0.0s)\n'}
[2.335358] (pb_rm_interfaces) StdoutLine: {'line': b'-- Build files have been written to: /home/asus/nav_2027/rm_nav_v2/build/pb_rm_interfaces\n'}
[2.342908] (pb_rm_interfaces) CommandEnded: {'returncode': 0}
[2.343431] (pb_rm_interfaces) JobProgress: {'identifier': 'pb_rm_interfaces', 'progress': 'build'}
[2.344143] (pb_rm_interfaces) Command: {'cmd': ['/usr/bin/cmake', '--build', '/home/asus/nav_2027/rm_nav_v2/build/pb_rm_interfaces', '--', '-j14', '-l14'], 'cwd': '/home/asus/nav_2027/rm_nav_v2/build/pb_rm_interfaces', 'env': OrderedDict({'USER': 'asus', 'SSH_CLIENT': '192.168.1.134 49795 22', 'XDG_SESSION_TYPE': 'tty', 'SHLVL': '0', 'LD_LIBRARY_PATH': '/opt/ros/jazzy/opt/rviz_ogre_vendor/lib:/opt/ros/jazzy/lib/x86_64-linux-gnu:/opt/ros/jazzy/opt/gz_math_vendor/lib:/opt/ros/jazzy/opt/gz_utils_vendor/lib:/opt/ros/jazzy/opt/gz_cmake_vendor/lib:/opt/ros/jazzy/lib', 'HOME': '/home/asus', 'OLDPWD': '/home/asus', 'ROS_PYTHON_VERSION': '3', 'DBUS_SESSION_BUS_ADDRESS': 'unix:path=/run/user/1000/bus', 'ROS_DISTRO': 'jazzy', 'LOGNAME': 'asus', '_': '/usr/bin/colcon', 'ROS_VERSION': '2', 'XDG_SESSION_CLASS': 'user', 'XDG_SESSION_ID': '9', 'PATH': '/opt/ros/jazzy/bin:/usr/local/sbin:/usr/local/bin:/usr/sbin:/usr/bin:/sbin:/bin:/usr/games:/usr/local/games:/snap/bin', 'XDG_RUNTIME_DIR': '/run/user/1000', 'LANG': 'en_US.UTF-8', 'AMENT_PREFIX_PATH': '/opt/ros/jazzy', 'SHELL': '/bin/bash', 'ROS_AUTOMATIC_DISCOVERY_RANGE': 'SUBNET', 'PWD': '/home/asus/nav_2027/rm_nav_v2/build/pb_rm_interfaces', 'LC_ALL': 'en_US.UTF-8', 'SSH_CONNECTION': '192.168.1.134 49795 192.168.1.145 22', 'PYTHONPATH': '/opt/ros/jazzy/lib/python3.12/site-packages', 'COLCON': '1', 'CMAKE_PREFIX_PATH': '/opt/ros/jazzy/opt/gz_math_vendor:/opt/ros/jazzy/opt/gz_utils_vendor:/opt/ros/jazzy/opt/gz_cmake_vendor:/opt/ros/jazzy'}), 'shell': False}
[2.378082] (pb_rm_interfaces) StdoutLine: {'line': b'[  1%] Generating type hashes for ROS interfaces\n'}
[2.378501] (pb_rm_interfaces) StdoutLine: {'line': b'[  2%] Generating Rust code for ROS interfaces\n'}
[2.383936] (pb_rm_interfaces) StdoutLine: {'line': b'[  2%] Built target ament_cmake_python_symlink_pb_rm_interfaces\n'}
[2.403400] (-) TimerEvent: {}
[2.495407] (pb_rm_interfaces) StdoutLine: {'line': b'running egg_info\n'}
[2.496495] (pb_rm_interfaces) StdoutLine: {'line': b'creating pb_rm_interfaces.egg-info\n'}
[2.503397] (pb_rm_interfaces) StdoutLine: {'line': b'writing pb_rm_interfaces.egg-info/PKG-INFO\n'}
[2.503824] (-) TimerEvent: {}
[2.503881] (pb_rm_interfaces) StdoutLine: {'line': b'writing dependency_links to pb_rm_interfaces.egg-info/dependency_links.txt\n'}
[2.504207] (pb_rm_interfaces) StdoutLine: {'line': b'writing top-level names to pb_rm_interfaces.egg-info/top_level.txt\n'}
[2.504536] (pb_rm_interfaces) StdoutLine: {'line': b"writing manifest file 'pb_rm_interfaces.egg-info/SOURCES.txt'\n"}
[2.527003] (pb_rm_interfaces) StdoutLine: {'line': b"reading manifest file 'pb_rm_interfaces.egg-info/SOURCES.txt'\n"}
[2.527551] (pb_rm_interfaces) StdoutLine: {'line': b"writing manifest file 'pb_rm_interfaces.egg-info/SOURCES.txt'\n"}
[2.543838] (pb_rm_interfaces) StdoutLine: {'line': b'[  2%] Built target ament_cmake_python_build_pb_rm_interfaces_egg\n'}
[2.604018] (-) TimerEvent: {}
[2.704403] (-) TimerEvent: {}
[2.804742] (-) TimerEvent: {}
[2.905013] (-) TimerEvent: {}
[2.926204] (pb_rm_interfaces) StdoutLine: {'line': b'[  2%] Built target pb_rm_interfaces__rosidl_generator_type_description\n'}
[2.933533] (pb_rm_interfaces) StdoutLine: {'line': b'[  3%] Generating C code for ROS interfaces\n'}
[2.940229] (pb_rm_interfaces) StdoutLine: {'line': b'[  3%] Generating C++ code for ROS interfaces\n'}
[2.952203] (pb_rm_interfaces) StdoutLine: {'line': b'[  3%] Built target pb_rm_interfaces__rs\n'}
[3.005074] (-) TimerEvent: {}
[3.105198] (-) TimerEvent: {}
[3.205390] (-) TimerEvent: {}
[3.305528] (-) TimerEvent: {}
[3.405651] (-) TimerEvent: {}
[3.505795] (-) TimerEvent: {}
[3.606191] (-) TimerEvent: {}
[3.623038] (pb_rm_interfaces) StdoutLine: {'line': b'[  3%] Built target pb_rm_interfaces__cpp\n'}
[3.705665] (pb_rm_interfaces) StdoutLine: {'line': b'[  6%] Building C object CMakeFiles/pb_rm_interfaces__rosidl_generator_c.dir/rosidl_generator_c/pb_rm_interfaces/msg/detail/game_status__functions.c.o\n'}
[3.705827] (pb_rm_interfaces) StdoutLine: {'line': b'[  6%] Building C object CMakeFiles/pb_rm_interfaces__rosidl_generator_c.dir/rosidl_generator_c/pb_rm_interfaces/msg/detail/event_data__description.c.o\n'}
[3.705871] (pb_rm_interfaces) StdoutLine: {'line': b'[  6%] Building C object CMakeFiles/pb_rm_interfaces__rosidl_generator_c.dir/rosidl_generator_c/pb_rm_interfaces/msg/detail/buff__description.c.o\n'}
[3.705908] (pb_rm_interfaces) StdoutLine: {'line': b'[  6%] Building C object CMakeFiles/pb_rm_interfaces__rosidl_generator_c.dir/rosidl_generator_c/pb_rm_interfaces/msg/detail/buff__functions.c.o\n'}
[3.705942] (pb_rm_interfaces) StdoutLine: {'line': b'[  7%] Building C object CMakeFiles/pb_rm_interfaces__rosidl_generator_c.dir/rosidl_generator_c/pb_rm_interfaces/msg/detail/buff__type_support.c.o\n'}
[3.705975] (pb_rm_interfaces) StdoutLine: {'line': b'[  8%] Building C object CMakeFiles/pb_rm_interfaces__rosidl_generator_c.dir/rosidl_generator_c/pb_rm_interfaces/msg/detail/game_robot_hp__functions.c.o\n'}
[3.706006] (pb_rm_interfaces) StdoutLine: {'line': b'[  8%] Building C object CMakeFiles/pb_rm_interfaces__rosidl_generator_c.dir/rosidl_generator_c/pb_rm_interfaces/msg/detail/event_data__functions.c.o\n'}
[3.706035] (pb_rm_interfaces) StdoutLine: {'line': b'[  8%] Building C object CMakeFiles/pb_rm_interfaces__rosidl_generator_c.dir/rosidl_generator_c/pb_rm_interfaces/msg/detail/game_robot_hp__type_support.c.o\n'}
[3.706073] (pb_rm_interfaces) StdoutLine: {'line': b'[  9%] Building C object CMakeFiles/pb_rm_interfaces__rosidl_generator_c.dir/rosidl_generator_c/pb_rm_interfaces/msg/detail/game_status__description.c.o\n'}
[3.706107] (pb_rm_interfaces) StdoutLine: {'line': b'[ 10%] Building C object CMakeFiles/pb_rm_interfaces__rosidl_generator_c.dir/rosidl_generator_c/pb_rm_interfaces/msg/detail/event_data__type_support.c.o\n'}
[3.706136] (pb_rm_interfaces) StdoutLine: {'line': b'[ 11%] Building C object CMakeFiles/pb_rm_interfaces__rosidl_generator_c.dir/rosidl_generator_c/pb_rm_interfaces/msg/detail/ground_robot_position__functions.c.o\n'}
[3.706218] (-) TimerEvent: {}
[3.706310] (pb_rm_interfaces) StdoutLine: {'line': b'[ 11%] Building C object CMakeFiles/pb_rm_interfaces__rosidl_generator_c.dir/rosidl_generator_c/pb_rm_interfaces/msg/detail/ground_robot_position__description.c.o\n'}
[3.715777] (pb_rm_interfaces) StdoutLine: {'line': b'[ 12%] Building C object CMakeFiles/pb_rm_interfaces__rosidl_generator_c.dir/rosidl_generator_c/pb_rm_interfaces/msg/detail/game_status__type_support.c.o\n'}
[3.715963] (pb_rm_interfaces) StdoutLine: {'line': b'[ 13%] Building C object CMakeFiles/pb_rm_interfaces__rosidl_generator_c.dir/rosidl_generator_c/pb_rm_interfaces/msg/detail/game_robot_hp__description.c.o\n'}
[3.731857] (pb_rm_interfaces) StdoutLine: {'line': b'[ 15%] Building C object CMakeFiles/pb_rm_interfaces__rosidl_generator_c.dir/rosidl_generator_c/pb_rm_interfaces/msg/detail/rfid_status__description.c.o\n'}
[3.732051] (pb_rm_interfaces) StdoutLine: {'line': b'[ 14%] Building C object CMakeFiles/pb_rm_interfaces__rosidl_generator_c.dir/rosidl_generator_c/pb_rm_interfaces/msg/detail/rfid_status__functions.c.o\n'}
[3.732104] (pb_rm_interfaces) StdoutLine: {'line': b'[ 15%] Building C object CMakeFiles/pb_rm_interfaces__rosidl_generator_c.dir/rosidl_generator_c/pb_rm_interfaces/msg/detail/ground_robot_position__type_support.c.o\n'}
[3.739373] (pb_rm_interfaces) StdoutLine: {'line': b'[ 17%] Building C object CMakeFiles/pb_rm_interfaces__rosidl_generator_c.dir/rosidl_generator_c/pb_rm_interfaces/msg/detail/robot_status__functions.c.o\n'}
[3.739560] (pb_rm_interfaces) StdoutLine: {'line': b'[ 17%] Building C object CMakeFiles/pb_rm_interfaces__rosidl_generator_c.dir/rosidl_generator_c/pb_rm_interfaces/msg/detail/rfid_status__type_support.c.o\n'}
[3.739622] (pb_rm_interfaces) StdoutLine: {'line': b'[ 18%] Building C object CMakeFiles/pb_rm_interfaces__rosidl_generator_c.dir/rosidl_generator_c/pb_rm_interfaces/msg/detail/robot_status__description.c.o\n'}
[3.744652] (pb_rm_interfaces) StdoutLine: {'line': b'[ 18%] Building C object CMakeFiles/pb_rm_interfaces__rosidl_generator_c.dir/rosidl_generator_c/pb_rm_interfaces/msg/detail/robot_status__type_support.c.o\n'}
[3.745894] (pb_rm_interfaces) StdoutLine: {'line': b'[ 19%] Building C object CMakeFiles/pb_rm_interfaces__rosidl_generator_c.dir/rosidl_generator_c/pb_rm_interfaces/msg/detail/gimbal__functions.c.o\n'}
[3.746806] (pb_rm_interfaces) StdoutLine: {'line': b'[ 20%] Building C object CMakeFiles/pb_rm_interfaces__rosidl_generator_c.dir/rosidl_generator_c/pb_rm_interfaces/msg/detail/gimbal__description.c.o\n'}
[3.752642] (pb_rm_interfaces) StdoutLine: {'line': b'[ 22%] Building C object CMakeFiles/pb_rm_interfaces__rosidl_generator_c.dir/rosidl_generator_c/pb_rm_interfaces/msg/detail/gimbal_cmd__description.c.o\n'}
[3.752892] (pb_rm_interfaces) StdoutLine: {'line': b'[ 22%] Building C object CMakeFiles/pb_rm_interfaces__rosidl_generator_c.dir/rosidl_generator_c/pb_rm_interfaces/msg/detail/gimbal_cmd__functions.c.o\n'}
[3.752957] (pb_rm_interfaces) StdoutLine: {'line': b'[ 22%] Building C object CMakeFiles/pb_rm_interfaces__rosidl_generator_c.dir/rosidl_generator_c/pb_rm_interfaces/msg/detail/gimbal__type_support.c.o\n'}
[3.754923] (pb_rm_interfaces) StdoutLine: {'line': b'[ 23%] Building C object CMakeFiles/pb_rm_interfaces__rosidl_generator_c.dir/rosidl_generator_c/pb_rm_interfaces/msg/detail/gimbal_cmd__type_support.c.o\n'}
[3.766475] (pb_rm_interfaces) StdoutLine: {'line': b'[ 24%] Building C object CMakeFiles/pb_rm_interfaces__rosidl_generator_c.dir/rosidl_generator_c/pb_rm_interfaces/msg/detail/models__functions.c.o\n'}
[3.767154] (pb_rm_interfaces) StdoutLine: {'line': b'[ 25%] Building C object CMakeFiles/pb_rm_interfaces__rosidl_generator_c.dir/rosidl_generator_c/pb_rm_interfaces/msg/detail/models__type_support.c.o\n'}
[3.768009] (pb_rm_interfaces) StdoutLine: {'line': b'[ 26%] Building C object CMakeFiles/pb_rm_interfaces__rosidl_generator_c.dir/rosidl_generator_c/pb_rm_interfaces/msg/detail/robot_state_info__description.c.o\n'}
[3.770029] (pb_rm_interfaces) StdoutLine: {'line': b'[ 27%] Building C object CMakeFiles/pb_rm_interfaces__rosidl_generator_c.dir/rosidl_generator_c/pb_rm_interfaces/msg/detail/robot_state_info__functions.c.o\n'}
[3.770207] (pb_rm_interfaces) StdoutLine: {'line': b'[ 27%] Building C object CMakeFiles/pb_rm_interfaces__rosidl_generator_c.dir/rosidl_generator_c/pb_rm_interfaces/msg/detail/robot_state_info__type_support.c.o\n'}
[3.770883] (pb_rm_interfaces) StdoutLine: {'line': b'[ 27%] Building C object CMakeFiles/pb_rm_interfaces__rosidl_generator_c.dir/rosidl_generator_c/pb_rm_interfaces/msg/detail/models__description.c.o\n'}
[3.801317] (pb_rm_interfaces) StdoutLine: {'line': b'[ 28%] Linking C shared library libpb_rm_interfaces__rosidl_generator_c.so\n'}
[3.806297] (-) TimerEvent: {}
[3.830949] (pb_rm_interfaces) StdoutLine: {'line': b'[ 28%] Built target pb_rm_interfaces__rosidl_generator_c\n'}
[3.838007] (pb_rm_interfaces) StdoutLine: {'line': b'[ 29%] Generating C type support dispatch for ROS interfaces\n'}
[3.838164] (pb_rm_interfaces) StdoutLine: {'line': b'[ 31%] Generating C introspection for ROS interfaces\n'}
[3.838217] (pb_rm_interfaces) StdoutLine: {'line': b'[ 31%] Generating C type support for eProsima Fast-RTPS\n'}
[3.838254] (pb_rm_interfaces) StdoutLine: {'line': b'[ 32%] Generating C++ type support dispatch for ROS interfaces\n'}
[3.838290] (pb_rm_interfaces) StdoutLine: {'line': b'[ 32%] Generating C++ introspection for ROS interfaces\n'}
[3.838326] (pb_rm_interfaces) StdoutLine: {'line': b'[ 32%] Generating C++ type support for eProsima Fast-RTPS\n'}
[3.906391] (-) TimerEvent: {}
[4.006766] (-) TimerEvent: {}
[4.106930] (-) TimerEvent: {}
[4.207048] (-) TimerEvent: {}
[4.307527] (-) TimerEvent: {}
[4.407921] (-) TimerEvent: {}
[4.477463] (pb_rm_interfaces) StdoutLine: {'line': b'[ 36%] Building CXX object CMakeFiles/pb_rm_interfaces__rosidl_typesupport_c.dir/rosidl_typesupport_c/pb_rm_interfaces/msg/ground_robot_position__type_support.cpp.o\n'}
[4.477640] (pb_rm_interfaces) StdoutLine: {'line': b'[ 36%] Building CXX object CMakeFiles/pb_rm_interfaces__rosidl_typesupport_c.dir/rosidl_typesupport_c/pb_rm_interfaces/msg/rfid_status__type_support.cpp.o\n'}
[4.477694] (pb_rm_interfaces) StdoutLine: {'line': b'[ 36%] Building CXX object CMakeFiles/pb_rm_interfaces__rosidl_typesupport_c.dir/rosidl_typesupport_c/pb_rm_interfaces/msg/buff__type_support.cpp.o\n'}
[4.477738] (pb_rm_interfaces) StdoutLine: {'line': b'[ 36%] Building CXX object CMakeFiles/pb_rm_interfaces__rosidl_typesupport_c.dir/rosidl_typesupport_c/pb_rm_interfaces/msg/event_data__type_support.cpp.o\n'}
[4.480653] (pb_rm_interfaces) StdoutLine: {'line': b'[ 37%] Building CXX object CMakeFiles/pb_rm_interfaces__rosidl_typesupport_c.dir/rosidl_typesupport_c/pb_rm_interfaces/msg/gimbal__type_support.cpp.o\n'}
[4.480810] (pb_rm_interfaces) StdoutLine: {'line': b'[ 37%] Building CXX object CMakeFiles/pb_rm_interfaces__rosidl_typesupport_c.dir/rosidl_typesupport_c/pb_rm_interfaces/msg/robot_status__type_support.cpp.o\n'}
[4.482342] (pb_rm_interfaces) StdoutLine: {'line': b'[ 38%] Building CXX object CMakeFiles/pb_rm_interfaces__rosidl_typesupport_c.dir/rosidl_typesupport_c/pb_rm_interfaces/msg/game_robot_hp__type_support.cpp.o\n'}
[4.485356] (pb_rm_interfaces) StdoutLine: {'line': b'[ 39%] Building CXX object CMakeFiles/pb_rm_interfaces__rosidl_typesupport_c.dir/rosidl_typesupport_c/pb_rm_interfaces/msg/gimbal_cmd__type_support.cpp.o\n'}
[4.489926] (pb_rm_interfaces) StdoutLine: {'line': b'[ 39%] Building CXX object CMakeFiles/pb_rm_interfaces__rosidl_typesupport_c.dir/rosidl_typesupport_c/pb_rm_interfaces/msg/game_status__type_support.cpp.o\n'}
[4.508032] (-) TimerEvent: {}
[4.521644] (pb_rm_interfaces) StdoutLine: {'line': b'[ 40%] Building CXX object CMakeFiles/pb_rm_interfaces__rosidl_typesupport_c.dir/rosidl_typesupport_c/pb_rm_interfaces/msg/robot_state_info__type_support.cpp.o\n'}
[4.521835] (pb_rm_interfaces) StdoutLine: {'line': b'[ 40%] Building CXX object CMakeFiles/pb_rm_interfaces__rosidl_typesupport_c.dir/rosidl_typesupport_c/pb_rm_interfaces/msg/models__type_support.cpp.o\n'}
[4.558134] (pb_rm_interfaces) StdoutLine: {'line': b'[ 41%] Linking CXX shared library libpb_rm_interfaces__rosidl_typesupport_c.so\n'}
[4.561326] (pb_rm_interfaces) StdoutLine: {'line': b'[ 42%] Building C object CMakeFiles/pb_rm_interfaces__rosidl_typesupport_introspection_c.dir/rosidl_typesupport_introspection_c/pb_rm_interfaces/msg/detail/buff__type_support.c.o\n'}
[4.562716] (pb_rm_interfaces) StdoutLine: {'line': b'[ 43%] Building C object CMakeFiles/pb_rm_interfaces__rosidl_typesupport_introspection_c.dir/rosidl_typesupport_introspection_c/pb_rm_interfaces/msg/detail/game_robot_hp__type_support.c.o\n'}
[4.562843] (pb_rm_interfaces) StdoutLine: {'line': b'[ 44%] Building C object CMakeFiles/pb_rm_interfaces__rosidl_typesupport_introspection_c.dir/rosidl_typesupport_introspection_c/pb_rm_interfaces/msg/detail/gimbal_cmd__type_support.c.o\n'}
[4.562892] (pb_rm_interfaces) StdoutLine: {'line': b'[ 44%] Building C object CMakeFiles/pb_rm_interfaces__rosidl_typesupport_introspection_c.dir/rosidl_typesupport_introspection_c/pb_rm_interfaces/msg/detail/robot_status__type_support.c.o\n'}
[4.562935] (pb_rm_interfaces) StdoutLine: {'line': b'[ 45%] Building C object CMakeFiles/pb_rm_interfaces__rosidl_typesupport_introspection_c.dir/rosidl_typesupport_introspection_c/pb_rm_interfaces/msg/detail/game_status__type_support.c.o\n'}
[4.562977] (pb_rm_interfaces) StdoutLine: {'line': b'[ 46%] Building C object CMakeFiles/pb_rm_interfaces__rosidl_typesupport_introspection_c.dir/rosidl_typesupport_introspection_c/pb_rm_interfaces/msg/detail/gimbal__type_support.c.o\n'}
[4.566281] (pb_rm_interfaces) StdoutLine: {'line': b'[ 46%] Building C object CMakeFiles/pb_rm_interfaces__rosidl_typesupport_introspection_c.dir/rosidl_typesupport_introspection_c/pb_rm_interfaces/msg/detail/event_data__type_support.c.o\n'}
[4.570975] (pb_rm_interfaces) StdoutLine: {'line': b'[ 47%] Building C object CMakeFiles/pb_rm_interfaces__rosidl_typesupport_introspection_c.dir/rosidl_typesupport_introspection_c/pb_rm_interfaces/msg/detail/ground_robot_position__type_support.c.o\n'}
[4.571133] (pb_rm_interfaces) StdoutLine: {'line': b'[ 47%] Building C object CMakeFiles/pb_rm_interfaces__rosidl_typesupport_introspection_c.dir/rosidl_typesupport_introspection_c/pb_rm_interfaces/msg/detail/rfid_status__type_support.c.o\n'}
[4.588631] (pb_rm_interfaces) StdoutLine: {'line': b'[ 49%] Building C object CMakeFiles/pb_rm_interfaces__rosidl_typesupport_introspection_c.dir/rosidl_typesupport_introspection_c/pb_rm_interfaces/msg/detail/robot_state_info__type_support.c.o\n'}
[4.588827] (pb_rm_interfaces) StdoutLine: {'line': b'[ 49%] Building C object CMakeFiles/pb_rm_interfaces__rosidl_typesupport_introspection_c.dir/rosidl_typesupport_introspection_c/pb_rm_interfaces/msg/detail/models__type_support.c.o\n'}
[4.608242] (-) TimerEvent: {}
[4.609974] (pb_rm_interfaces) StdoutLine: {'line': b'[ 49%] Built target pb_rm_interfaces__rosidl_typesupport_c\n'}
[4.618537] (pb_rm_interfaces) StdoutLine: {'line': b'[ 50%] Building CXX object CMakeFiles/pb_rm_interfaces__rosidl_typesupport_cpp.dir/rosidl_typesupport_cpp/pb_rm_interfaces/msg/buff__type_support.cpp.o\n'}
[4.621092] (pb_rm_interfaces) StdoutLine: {'line': b'[ 50%] Building CXX object CMakeFiles/pb_rm_interfaces__rosidl_typesupport_cpp.dir/rosidl_typesupport_cpp/pb_rm_interfaces/msg/event_data__type_support.cpp.o\n'}
[4.625474] (pb_rm_interfaces) StdoutLine: {'line': b'[ 51%] Building CXX object CMakeFiles/pb_rm_interfaces__rosidl_typesupport_cpp.dir/rosidl_typesupport_cpp/pb_rm_interfaces/msg/game_robot_hp__type_support.cpp.o\n'}
[4.632038] (pb_rm_interfaces) StdoutLine: {'line': b'[ 52%] Building CXX object CMakeFiles/pb_rm_interfaces__rosidl_typesupport_cpp.dir/rosidl_typesupport_cpp/pb_rm_interfaces/msg/ground_robot_position__type_support.cpp.o\n'}
[4.633091] (pb_rm_interfaces) StdoutLine: {'line': b'[ 53%] Building CXX object CMakeFiles/pb_rm_interfaces__rosidl_typesupport_cpp.dir/rosidl_typesupport_cpp/pb_rm_interfaces/msg/game_status__type_support.cpp.o\n'}
[4.641775] (pb_rm_interfaces) StdoutLine: {'line': b'[ 54%] Building CXX object CMakeFiles/pb_rm_interfaces__rosidl_typesupport_fastrtps_cpp.dir/rosidl_typesupport_fastrtps_cpp/pb_rm_interfaces/msg/detail/dds_fastrtps/buff__type_support.cpp.o\n'}
[4.647671] (pb_rm_interfaces) StdoutLine: {'line': b'[ 54%] Building CXX object CMakeFiles/pb_rm_interfaces__rosidl_typesupport_cpp.dir/rosidl_typesupport_cpp/pb_rm_interfaces/msg/rfid_status__type_support.cpp.o\n'}
[4.649383] (pb_rm_interfaces) StdoutLine: {'line': b'[ 55%] Building CXX object CMakeFiles/pb_rm_interfaces__rosidl_typesupport_cpp.dir/rosidl_typesupport_cpp/pb_rm_interfaces/msg/robot_status__type_support.cpp.o\n'}
[4.649599] (pb_rm_interfaces) StdoutLine: {'line': b'[ 56%] Building CXX object CMakeFiles/pb_rm_interfaces__rosidl_typesupport_cpp.dir/rosidl_typesupport_cpp/pb_rm_interfaces/msg/gimbal__type_support.cpp.o\n'}
[4.651331] (pb_rm_interfaces) StdoutLine: {'line': b'[ 57%] Linking C shared library libpb_rm_interfaces__rosidl_typesupport_introspection_c.so\n'}
[4.653741] (pb_rm_interfaces) StdoutLine: {'line': b'[ 58%] Building CXX object CMakeFiles/pb_rm_interfaces__rosidl_typesupport_fastrtps_cpp.dir/rosidl_typesupport_fastrtps_cpp/pb_rm_interfaces/msg/detail/dds_fastrtps/event_data__type_support.cpp.o\n'}
[4.661027] (pb_rm_interfaces) StdoutLine: {'line': b'[ 59%] Building CXX object CMakeFiles/pb_rm_interfaces__rosidl_typesupport_cpp.dir/rosidl_typesupport_cpp/pb_rm_interfaces/msg/gimbal_cmd__type_support.cpp.o\n'}
[4.669996] (pb_rm_interfaces) StdoutLine: {'line': b'[ 59%] Building CXX object CMakeFiles/pb_rm_interfaces__rosidl_typesupport_fastrtps_c.dir/rosidl_typesupport_fastrtps_c/pb_rm_interfaces/msg/detail/buff__type_support_c.cpp.o\n'}
[4.682662] (pb_rm_interfaces) StdoutLine: {'line': b'[ 59%] Built target pb_rm_interfaces__rosidl_typesupport_introspection_c\n'}
[4.693850] (pb_rm_interfaces) StdoutLine: {'line': b'[ 60%] Building CXX object CMakeFiles/pb_rm_interfaces__rosidl_typesupport_fastrtps_c.dir/rosidl_typesupport_fastrtps_c/pb_rm_interfaces/msg/detail/event_data__type_support_c.cpp.o\n'}
[4.708928] (-) TimerEvent: {}
[4.809166] (-) TimerEvent: {}
[4.844870] (pb_rm_interfaces) StdoutLine: {'line': b'[ 61%] Building CXX object CMakeFiles/pb_rm_interfaces__rosidl_typesupport_introspection_cpp.dir/rosidl_typesupport_introspection_cpp/pb_rm_interfaces/msg/detail/buff__type_support.cpp.o\n'}
[4.852313] (pb_rm_interfaces) StdoutLine: {'line': b'[ 62%] Building CXX object CMakeFiles/pb_rm_interfaces__rosidl_typesupport_introspection_cpp.dir/rosidl_typesupport_introspection_cpp/pb_rm_interfaces/msg/detail/event_data__type_support.cpp.o\n'}
[4.853019] (pb_rm_interfaces) StdoutLine: {'line': b'[ 61%] Building CXX object CMakeFiles/pb_rm_interfaces__rosidl_typesupport_fastrtps_cpp.dir/rosidl_typesupport_fastrtps_cpp/pb_rm_interfaces/msg/detail/dds_fastrtps/game_robot_hp__type_support.cpp.o\n'}
[4.902263] (pb_rm_interfaces) StdoutLine: {'line': b'[ 62%] Building CXX object CMakeFiles/pb_rm_interfaces__rosidl_typesupport_cpp.dir/rosidl_typesupport_cpp/pb_rm_interfaces/msg/models__type_support.cpp.o\n'}
[4.905585] (pb_rm_interfaces) StdoutLine: {'line': b'[ 63%] Building CXX object CMakeFiles/pb_rm_interfaces__rosidl_typesupport_cpp.dir/rosidl_typesupport_cpp/pb_rm_interfaces/msg/robot_state_info__type_support.cpp.o\n'}
[4.907592] (pb_rm_interfaces) StdoutLine: {'line': b'[ 64%] Building CXX object CMakeFiles/pb_rm_interfaces__rosidl_typesupport_fastrtps_cpp.dir/rosidl_typesupport_fastrtps_cpp/pb_rm_interfaces/msg/detail/dds_fastrtps/ground_robot_position__type_support.cpp.o\n'}
[4.908151] (pb_rm_interfaces) StdoutLine: {'line': b'[ 65%] Building CXX object CMakeFiles/pb_rm_interfaces__rosidl_typesupport_introspection_cpp.dir/rosidl_typesupport_introspection_cpp/pb_rm_interfaces/msg/detail/game_robot_hp__type_support.cpp.o\n'}
[4.909241] (pb_rm_interfaces) StdoutLine: {'line': b'[ 66%] Building CXX object CMakeFiles/pb_rm_interfaces__rosidl_typesupport_fastrtps_cpp.dir/rosidl_typesupport_fastrtps_cpp/pb_rm_interfaces/msg/detail/dds_fastrtps/game_status__type_support.cpp.o\n'}
[4.909579] (-) TimerEvent: {}
[4.917057] (pb_rm_interfaces) StdoutLine: {'line': b'[ 67%] Building CXX object CMakeFiles/pb_rm_interfaces__rosidl_typesupport_fastrtps_c.dir/rosidl_typesupport_fastrtps_c/pb_rm_interfaces/msg/detail/game_robot_hp__type_support_c.cpp.o\n'}
[4.986704] (pb_rm_interfaces) StdoutLine: {'line': b'[ 68%] Building CXX object CMakeFiles/pb_rm_interfaces__rosidl_typesupport_fastrtps_cpp.dir/rosidl_typesupport_fastrtps_cpp/pb_rm_interfaces/msg/detail/dds_fastrtps/rfid_status__type_support.cpp.o\n'}
[5.009711] (-) TimerEvent: {}
[5.037153] (pb_rm_interfaces) StdoutLine: {'line': b'[ 69%] Building CXX object CMakeFiles/pb_rm_interfaces__rosidl_typesupport_fastrtps_c.dir/rosidl_typesupport_fastrtps_c/pb_rm_interfaces/msg/detail/game_status__type_support_c.cpp.o\n'}
[5.048541] (pb_rm_interfaces) StdoutLine: {'line': b'[ 69%] Building CXX object CMakeFiles/pb_rm_interfaces__rosidl_typesupport_introspection_cpp.dir/rosidl_typesupport_introspection_cpp/pb_rm_interfaces/msg/detail/game_status__type_support.cpp.o\n'}
[5.061501] (pb_rm_interfaces) StdoutLine: {'line': b'[ 69%] Building CXX object CMakeFiles/pb_rm_interfaces__rosidl_typesupport_fastrtps_c.dir/rosidl_typesupport_fastrtps_c/pb_rm_interfaces/msg/detail/ground_robot_position__type_support_c.cpp.o\n'}
[5.062148] (pb_rm_interfaces) StdoutLine: {'line': b'[ 69%] Building CXX object CMakeFiles/pb_rm_interfaces__rosidl_typesupport_fastrtps_cpp.dir/rosidl_typesupport_fastrtps_cpp/pb_rm_interfaces/msg/detail/dds_fastrtps/robot_status__type_support.cpp.o\n'}
[5.108369] (pb_rm_interfaces) StdoutLine: {'line': b'[ 70%] Building CXX object CMakeFiles/pb_rm_interfaces__rosidl_typesupport_fastrtps_c.dir/rosidl_typesupport_fastrtps_c/pb_rm_interfaces/msg/detail/robot_status__type_support_c.cpp.o\n'}
[5.108900] (pb_rm_interfaces) StdoutLine: {'line': b'[ 71%] Building CXX object CMakeFiles/pb_rm_interfaces__rosidl_typesupport_fastrtps_c.dir/rosidl_typesupport_fastrtps_c/pb_rm_interfaces/msg/detail/rfid_status__type_support_c.cpp.o\n'}
[5.109847] (-) TimerEvent: {}
[5.158308] (pb_rm_interfaces) StdoutLine: {'line': b'[ 72%] Building CXX object CMakeFiles/pb_rm_interfaces__rosidl_typesupport_introspection_cpp.dir/rosidl_typesupport_introspection_cpp/pb_rm_interfaces/msg/detail/ground_robot_position__type_support.cpp.o\n'}
[5.158781] (pb_rm_interfaces) StdoutLine: {'line': b'[ 72%] Building CXX object CMakeFiles/pb_rm_interfaces__rosidl_typesupport_fastrtps_c.dir/rosidl_typesupport_fastrtps_c/pb_rm_interfaces/msg/detail/gimbal__type_support_c.cpp.o\n'}
[5.177662] (pb_rm_interfaces) StdoutLine: {'line': b'[ 73%] Building CXX object CMakeFiles/pb_rm_interfaces__rosidl_typesupport_introspection_cpp.dir/rosidl_typesupport_introspection_cpp/pb_rm_interfaces/msg/detail/rfid_status__type_support.cpp.o\n'}
[5.209975] (-) TimerEvent: {}
[5.232734] (pb_rm_interfaces) StdoutLine: {'line': b'[ 74%] Linking CXX shared library libpb_rm_interfaces__rosidl_typesupport_cpp.so\n'}
[5.238299] (pb_rm_interfaces) StdoutLine: {'line': b'[ 75%] Building CXX object CMakeFiles/pb_rm_interfaces__rosidl_typesupport_fastrtps_c.dir/rosidl_typesupport_fastrtps_c/pb_rm_interfaces/msg/detail/gimbal_cmd__type_support_c.cpp.o\n'}
[5.297708] (pb_rm_interfaces) StdoutLine: {'line': b'[ 76%] Building CXX object CMakeFiles/pb_rm_interfaces__rosidl_typesupport_fastrtps_cpp.dir/rosidl_typesupport_fastrtps_cpp/pb_rm_interfaces/msg/detail/dds_fastrtps/gimbal__type_support.cpp.o\n'}
[5.299401] (pb_rm_interfaces) StdoutLine: {'line': b'[ 77%] Building CXX object CMakeFiles/pb_rm_interfaces__rosidl_typesupport_introspection_cpp.dir/rosidl_typesupport_introspection_cpp/pb_rm_interfaces/msg/detail/robot_status__type_support.cpp.o\n'}
[5.310165] (-) TimerEvent: {}
[5.313922] (pb_rm_interfaces) StdoutLine: {'line': b'[ 78%] Building CXX object CMakeFiles/pb_rm_interfaces__rosidl_typesupport_fastrtps_c.dir/rosidl_typesupport_fastrtps_c/pb_rm_interfaces/msg/detail/models__type_support_c.cpp.o\n'}
[5.348960] (pb_rm_interfaces) StdoutLine: {'line': b'[ 78%] Built target pb_rm_interfaces__rosidl_typesupport_cpp\n'}
[5.371296] (pb_rm_interfaces) StdoutLine: {'line': b'[ 78%] Building CXX object CMakeFiles/pb_rm_interfaces__rosidl_typesupport_introspection_cpp.dir/rosidl_typesupport_introspection_cpp/pb_rm_interfaces/msg/detail/gimbal__type_support.cpp.o\n'}
[5.373218] (pb_rm_interfaces) StdoutLine: {'line': b'[ 79%] Building CXX object CMakeFiles/pb_rm_interfaces__rosidl_typesupport_fastrtps_cpp.dir/rosidl_typesupport_fastrtps_cpp/pb_rm_interfaces/msg/detail/dds_fastrtps/gimbal_cmd__type_support.cpp.o\n'}
[5.411199] (pb_rm_interfaces) StdoutLine: {'line': b'[ 80%] Building CXX object CMakeFiles/pb_rm_interfaces__rosidl_typesupport_introspection_cpp.dir/rosidl_typesupport_introspection_cpp/pb_rm_interfaces/msg/detail/gimbal_cmd__type_support.cpp.o\n'}
[5.411635] (-) TimerEvent: {}
[5.446719] (pb_rm_interfaces) StdoutLine: {'line': b'[ 80%] Building CXX object CMakeFiles/pb_rm_interfaces__rosidl_typesupport_fastrtps_cpp.dir/rosidl_typesupport_fastrtps_cpp/pb_rm_interfaces/msg/detail/dds_fastrtps/robot_state_info__type_support.cpp.o\n'}
[5.461682] (pb_rm_interfaces) StdoutLine: {'line': b'[ 81%] Building CXX object CMakeFiles/pb_rm_interfaces__rosidl_typesupport_fastrtps_c.dir/rosidl_typesupport_fastrtps_c/pb_rm_interfaces/msg/detail/robot_state_info__type_support_c.cpp.o\n'}
[5.467978] (pb_rm_interfaces) StdoutLine: {'line': b'[ 82%] Building CXX object CMakeFiles/pb_rm_interfaces__rosidl_typesupport_fastrtps_cpp.dir/rosidl_typesupport_fastrtps_cpp/pb_rm_interfaces/msg/detail/dds_fastrtps/models__type_support.cpp.o\n'}
[5.501401] (pb_rm_interfaces) StdoutLine: {'line': b'[ 83%] Building CXX object CMakeFiles/pb_rm_interfaces__rosidl_typesupport_introspection_cpp.dir/rosidl_typesupport_introspection_cpp/pb_rm_interfaces/msg/detail/models__type_support.cpp.o\n'}
[5.506670] (pb_rm_interfaces) StdoutLine: {'line': b'[ 84%] Building CXX object CMakeFiles/pb_rm_interfaces__rosidl_typesupport_introspection_cpp.dir/rosidl_typesupport_introspection_cpp/pb_rm_interfaces/msg/detail/robot_state_info__type_support.cpp.o\n'}
[5.511782] (-) TimerEvent: {}
[5.612008] (-) TimerEvent: {}
[5.712204] (-) TimerEvent: {}
[5.733257] (pb_rm_interfaces) StdoutLine: {'line': b'[ 84%] Linking CXX shared library libpb_rm_interfaces__rosidl_typesupport_fastrtps_c.so\n'}
[5.743750] (pb_rm_interfaces) StdoutLine: {'line': b'[ 84%] Linking CXX shared library libpb_rm_interfaces__rosidl_typesupport_introspection_cpp.so\n'}
[5.790630] (pb_rm_interfaces) StdoutLine: {'line': b'[ 84%] Built target pb_rm_interfaces__rosidl_typesupport_fastrtps_c\n'}
[5.792134] (pb_rm_interfaces) StdoutLine: {'line': b'[ 84%] Built target pb_rm_interfaces__rosidl_typesupport_introspection_cpp\n'}
[5.797150] (pb_rm_interfaces) StdoutLine: {'line': b'[ 85%] Linking CXX shared library libpb_rm_interfaces__rosidl_typesupport_fastrtps_cpp.so\n'}
[5.812329] (-) TimerEvent: {}
[5.847477] (pb_rm_interfaces) StdoutLine: {'line': b'[ 85%] Built target pb_rm_interfaces__rosidl_typesupport_fastrtps_cpp\n'}
[5.859748] (pb_rm_interfaces) StdoutLine: {'line': b'[ 85%] Built target pb_rm_interfaces\n'}
[5.871673] (pb_rm_interfaces) StdoutLine: {'line': b'[ 86%] Generating Python code for ROS interfaces\n'}
[5.912445] (-) TimerEvent: {}
[6.012683] (-) TimerEvent: {}
[6.112932] (-) TimerEvent: {}
[6.213198] (-) TimerEvent: {}
[6.313406] (-) TimerEvent: {}
[6.413658] (-) TimerEvent: {}
[6.513885] (-) TimerEvent: {}
[6.614135] (-) TimerEvent: {}
[6.714456] (-) TimerEvent: {}
[6.814783] (-) TimerEvent: {}
[6.915186] (-) TimerEvent: {}
[7.015551] (-) TimerEvent: {}
[7.088540] (pb_rm_interfaces) StdoutLine: {'line': b'[ 86%] Built target pb_rm_interfaces__py\n'}
[7.102031] (pb_rm_interfaces) StdoutLine: {'line': b'[ 87%] Building C object CMakeFiles/pb_rm_interfaces__rosidl_generator_py.dir/rosidl_generator_py/pb_rm_interfaces/msg/_game_robot_hp_s.c.o\n'}
[7.102397] (pb_rm_interfaces) StdoutLine: {'line': b'[ 88%] Building C object CMakeFiles/pb_rm_interfaces__rosidl_generator_py.dir/rosidl_generator_py/pb_rm_interfaces/msg/_event_data_s.c.o\n'}
[7.102555] (pb_rm_interfaces) StdoutLine: {'line': b'[ 88%] Building C object CMakeFiles/pb_rm_interfaces__rosidl_generator_py.dir/rosidl_generator_py/pb_rm_interfaces/msg/_buff_s.c.o\n'}
[7.102952] (pb_rm_interfaces) StdoutLine: {'line': b'[ 88%] Building C object CMakeFiles/pb_rm_interfaces__rosidl_generator_py.dir/rosidl_generator_py/pb_rm_interfaces/msg/_rfid_status_s.c.o\n'}
[7.103014] (pb_rm_interfaces) StdoutLine: {'line': b'[ 90%] Building C object CMakeFiles/pb_rm_interfaces__rosidl_generator_py.dir/rosidl_generator_py/pb_rm_interfaces/msg/_ground_robot_position_s.c.o\n'}
[7.103059] (pb_rm_interfaces) StdoutLine: {'line': b'[ 90%] Building C object CMakeFiles/pb_rm_interfaces__rosidl_generator_py.dir/rosidl_generator_py/pb_rm_interfaces/msg/_game_status_s.c.o\n'}
[7.103109] (pb_rm_interfaces) StdoutLine: {'line': b'[ 92%] Building C object CMakeFiles/pb_rm_interfaces__rosidl_generator_py.dir/rosidl_generator_py/pb_rm_interfaces/msg/_gimbal_s.c.o\n'}
[7.103148] (pb_rm_interfaces) StdoutLine: {'line': b'[ 92%] Building C object CMakeFiles/pb_rm_interfaces__rosidl_generator_py.dir/rosidl_generator_py/pb_rm_interfaces/msg/_robot_status_s.c.o\n'}
[7.103485] (pb_rm_interfaces) StdoutLine: {'line': b'[ 93%] Building C object CMakeFiles/pb_rm_interfaces__rosidl_generator_py.dir/rosidl_generator_py/pb_rm_interfaces/msg/_gimbal_cmd_s.c.o\n'}
[7.104216] (pb_rm_interfaces) StdoutLine: {'line': b'[ 94%] Building C object CMakeFiles/pb_rm_interfaces__rosidl_generator_py.dir/rosidl_generator_py/pb_rm_interfaces/msg/_robot_state_info_s.c.o\n'}
[7.112007] (pb_rm_interfaces) StdoutLine: {'line': b'[ 94%] Building C object CMakeFiles/pb_rm_interfaces__rosidl_generator_py.dir/rosidl_generator_py/pb_rm_interfaces/msg/_models_s.c.o\n'}
[7.115667] (-) TimerEvent: {}
[7.215878] (-) TimerEvent: {}
[7.216051] (pb_rm_interfaces) StdoutLine: {'line': b'[ 95%] Linking C shared library libpb_rm_interfaces__rosidl_generator_py.so\n'}
[7.246018] (pb_rm_interfaces) StdoutLine: {'line': b'[ 95%] Built target pb_rm_interfaces__rosidl_generator_py\n'}
[7.258909] (pb_rm_interfaces) StdoutLine: {'line': b'[ 97%] Building C object CMakeFiles/pb_rm_interfaces_s__rosidl_typesupport_fastrtps_c.dir/rosidl_generator_py/pb_rm_interfaces/_pb_rm_interfaces_s.ep.rosidl_typesupport_fastrtps_c.c.o\n'}
[7.259278] (pb_rm_interfaces) StdoutLine: {'line': b'[ 97%] Building C object CMakeFiles/pb_rm_interfaces_s__rosidl_typesupport_c.dir/rosidl_generator_py/pb_rm_interfaces/_pb_rm_interfaces_s.ep.rosidl_typesupport_c.c.o\n'}
[7.259492] (pb_rm_interfaces) StdoutLine: {'line': b'[ 97%] Building C object CMakeFiles/pb_rm_interfaces_s__rosidl_typesupport_introspection_c.dir/rosidl_generator_py/pb_rm_interfaces/_pb_rm_interfaces_s.ep.rosidl_typesupport_introspection_c.c.o\n'}
[7.316245] (-) TimerEvent: {}
[7.330527] (pb_rm_interfaces) StdoutLine: {'line': b'[ 99%] Linking C shared module rosidl_generator_py/pb_rm_interfaces/pb_rm_interfaces_s__rosidl_typesupport_introspection_c.so\n'}
[7.331280] (pb_rm_interfaces) StdoutLine: {'line': b'[ 99%] Linking C shared module rosidl_generator_py/pb_rm_interfaces/pb_rm_interfaces_s__rosidl_typesupport_c.so\n'}
[7.334232] (pb_rm_interfaces) StdoutLine: {'line': b'[100%] Linking C shared module rosidl_generator_py/pb_rm_interfaces/pb_rm_interfaces_s__rosidl_typesupport_fastrtps_c.so\n'}
[7.350966] (pb_rm_interfaces) StdoutLine: {'line': b'[100%] Built target pb_rm_interfaces_s__rosidl_typesupport_c\n'}
[7.351221] (pb_rm_interfaces) StdoutLine: {'line': b'[100%] Built target pb_rm_interfaces_s__rosidl_typesupport_introspection_c\n'}
[7.353364] (pb_rm_interfaces) StdoutLine: {'line': b'[100%] Built target pb_rm_interfaces_s__rosidl_typesupport_fastrtps_c\n'}
[7.360764] (pb_rm_interfaces) CommandEnded: {'returncode': 0}
[7.361394] (pb_rm_interfaces) JobProgress: {'identifier': 'pb_rm_interfaces', 'progress': 'install'}
[7.367506] (pb_rm_interfaces) Command: {'cmd': ['/usr/bin/cmake', '--install', '/home/asus/nav_2027/rm_nav_v2/build/pb_rm_interfaces'], 'cwd': '/home/asus/nav_2027/rm_nav_v2/build/pb_rm_interfaces', 'env': OrderedDict({'USER': 'asus', 'SSH_CLIENT': '192.168.1.134 49795 22', 'XDG_SESSION_TYPE': 'tty', 'SHLVL': '0', 'LD_LIBRARY_PATH': '/opt/ros/jazzy/opt/rviz_ogre_vendor/lib:/opt/ros/jazzy/lib/x86_64-linux-gnu:/opt/ros/jazzy/opt/gz_math_vendor/lib:/opt/ros/jazzy/opt/gz_utils_vendor/lib:/opt/ros/jazzy/opt/gz_cmake_vendor/lib:/opt/ros/jazzy/lib', 'HOME': '/home/asus', 'OLDPWD': '/home/asus', 'ROS_PYTHON_VERSION': '3', 'DBUS_SESSION_BUS_ADDRESS': 'unix:path=/run/user/1000/bus', 'ROS_DISTRO': 'jazzy', 'LOGNAME': 'asus', '_': '/usr/bin/colcon', 'ROS_VERSION': '2', 'XDG_SESSION_CLASS': 'user', 'XDG_SESSION_ID': '9', 'PATH': '/opt/ros/jazzy/bin:/usr/local/sbin:/usr/local/bin:/usr/sbin:/usr/bin:/sbin:/bin:/usr/games:/usr/local/games:/snap/bin', 'XDG_RUNTIME_DIR': '/run/user/1000', 'LANG': 'en_US.UTF-8', 'AMENT_PREFIX_PATH': '/opt/ros/jazzy', 'SHELL': '/bin/bash', 'ROS_AUTOMATIC_DISCOVERY_RANGE': 'SUBNET', 'PWD': '/home/asus/nav_2027/rm_nav_v2/build/pb_rm_interfaces', 'LC_ALL': 'en_US.UTF-8', 'SSH_CONNECTION': '192.168.1.134 49795 192.168.1.145 22', 'PYTHONPATH': '/opt/ros/jazzy/lib/python3.12/site-packages', 'COLCON': '1', 'CMAKE_PREFIX_PATH': '/opt/ros/jazzy/opt/gz_math_vendor:/opt/ros/jazzy/opt/gz_utils_vendor:/opt/ros/jazzy/opt/gz_cmake_vendor:/opt/ros/jazzy'}), 'shell': False}
[7.372970] (pb_rm_interfaces) StdoutLine: {'line': b'-- Install configuration: ""\n'}
[7.373373] (pb_rm_interfaces) StdoutLine: {'line': b'-- Execute custom install script\n'}
[7.373570] (pb_rm_interfaces) StdoutLine: {'line': b'-- Symlinking: /home/asus/nav_2027/rm_nav_v2/install/pb_rm_interfaces/share/ament_index/resource_index/rosidl_interfaces/pb_rm_interfaces\n'}
[7.378790] (pb_rm_interfaces) StdoutLine: {'line': b'-- Symlinking: /home/asus/nav_2027/rm_nav_v2/install/pb_rm_interfaces/share/pb_rm_interfaces/msg/Buff.json\n'}
[7.383588] (pb_rm_interfaces) StdoutLine: {'line': b'-- Symlinking: /home/asus/nav_2027/rm_nav_v2/install/pb_rm_interfaces/share/pb_rm_interfaces/msg/EventData.json\n'}
[7.388328] (pb_rm_interfaces) StdoutLine: {'line': b'-- Symlinking: /home/asus/nav_2027/rm_nav_v2/install/pb_rm_interfaces/share/pb_rm_interfaces/msg/GameRobotHP.json\n'}
[7.393245] (pb_rm_interfaces) StdoutLine: {'line': b'-- Symlinking: /home/asus/nav_2027/rm_nav_v2/install/pb_rm_interfaces/share/pb_rm_interfaces/msg/GameStatus.json\n'}
[7.398018] (pb_rm_interfaces) StdoutLine: {'line': b'-- Symlinking: /home/asus/nav_2027/rm_nav_v2/install/pb_rm_interfaces/share/pb_rm_interfaces/msg/GroundRobotPosition.json\n'}
[7.402796] (pb_rm_interfaces) StdoutLine: {'line': b'-- Symlinking: /home/asus/nav_2027/rm_nav_v2/install/pb_rm_interfaces/share/pb_rm_interfaces/msg/RfidStatus.json\n'}
[7.407478] (pb_rm_interfaces) StdoutLine: {'line': b'-- Symlinking: /home/asus/nav_2027/rm_nav_v2/install/pb_rm_interfaces/share/pb_rm_interfaces/msg/RobotStatus.json\n'}
[7.412338] (pb_rm_interfaces) StdoutLine: {'line': b'-- Symlinking: /home/asus/nav_2027/rm_nav_v2/install/pb_rm_interfaces/share/pb_rm_interfaces/msg/Gimbal.json\n'}
[7.416286] (-) TimerEvent: {}
[7.417267] (pb_rm_interfaces) StdoutLine: {'line': b'-- Symlinking: /home/asus/nav_2027/rm_nav_v2/install/pb_rm_interfaces/share/pb_rm_interfaces/msg/GimbalCmd.json\n'}
[7.421843] (pb_rm_interfaces) StdoutLine: {'line': b'-- Symlinking: /home/asus/nav_2027/rm_nav_v2/install/pb_rm_interfaces/share/pb_rm_interfaces/msg/Models.json\n'}
[7.426489] (pb_rm_interfaces) StdoutLine: {'line': b'-- Symlinking: /home/asus/nav_2027/rm_nav_v2/install/pb_rm_interfaces/share/pb_rm_interfaces/msg/RobotStateInfo.json\n'}
[7.431710] (pb_rm_interfaces) StdoutLine: {'line': b'-- Symlinking: /home/asus/nav_2027/rm_nav_v2/install/pb_rm_interfaces/include/pb_rm_interfaces/pb_rm_interfaces/msg/buff.h\n'}
[7.436146] (pb_rm_interfaces) StdoutLine: {'line': b'-- Symlinking: /home/asus/nav_2027/rm_nav_v2/install/pb_rm_interfaces/include/pb_rm_interfaces/pb_rm_interfaces/msg/detail/buff__functions.h\n'}
[7.440535] (pb_rm_interfaces) StdoutLine: {'line': b'-- Symlinking: /home/asus/nav_2027/rm_nav_v2/install/pb_rm_interfaces/include/pb_rm_interfaces/pb_rm_interfaces/msg/detail/buff__struct.h\n'}
[7.445263] (pb_rm_interfaces) StdoutLine: {'line': b'-- Symlinking: /home/asus/nav_2027/rm_nav_v2/install/pb_rm_interfaces/include/pb_rm_interfaces/pb_rm_interfaces/msg/detail/buff__type_support.h\n'}
[7.449744] (pb_rm_interfaces) StdoutLine: {'line': b'-- Symlinking: /home/asus/nav_2027/rm_nav_v2/install/pb_rm_interfaces/include/pb_rm_interfaces/pb_rm_interfaces/msg/detail/event_data__functions.h\n'}
[7.454000] (pb_rm_interfaces) StdoutLine: {'line': b'-- Symlinking: /home/asus/nav_2027/rm_nav_v2/install/pb_rm_interfaces/include/pb_rm_interfaces/pb_rm_interfaces/msg/detail/event_data__struct.h\n'}
[7.458375] (pb_rm_interfaces) StdoutLine: {'line': b'-- Symlinking: /home/asus/nav_2027/rm_nav_v2/install/pb_rm_interfaces/include/pb_rm_interfaces/pb_rm_interfaces/msg/detail/event_data__type_support.h\n'}
[7.462886] (pb_rm_interfaces) StdoutLine: {'line': b'-- Symlinking: /home/asus/nav_2027/rm_nav_v2/install/pb_rm_interfaces/include/pb_rm_interfaces/pb_rm_interfaces/msg/detail/game_robot_hp__functions.h\n'}
[7.467398] (pb_rm_interfaces) StdoutLine: {'line': b'-- Symlinking: /home/asus/nav_2027/rm_nav_v2/install/pb_rm_interfaces/include/pb_rm_interfaces/pb_rm_interfaces/msg/detail/game_robot_hp__struct.h\n'}
[7.471642] (pb_rm_interfaces) StdoutLine: {'line': b'-- Symlinking: /home/asus/nav_2027/rm_nav_v2/install/pb_rm_interfaces/include/pb_rm_interfaces/pb_rm_interfaces/msg/detail/game_robot_hp__type_support.h\n'}
[7.476197] (pb_rm_interfaces) StdoutLine: {'line': b'-- Symlinking: /home/asus/nav_2027/rm_nav_v2/install/pb_rm_interfaces/include/pb_rm_interfaces/pb_rm_interfaces/msg/detail/game_status__functions.h\n'}
[7.480576] (pb_rm_interfaces) StdoutLine: {'line': b'-- Symlinking: /home/asus/nav_2027/rm_nav_v2/install/pb_rm_interfaces/include/pb_rm_interfaces/pb_rm_interfaces/msg/detail/game_status__struct.h\n'}
[7.485093] (pb_rm_interfaces) StdoutLine: {'line': b'-- Symlinking: /home/asus/nav_2027/rm_nav_v2/install/pb_rm_interfaces/include/pb_rm_interfaces/pb_rm_interfaces/msg/detail/game_status__type_support.h\n'}
[7.489465] (pb_rm_interfaces) StdoutLine: {'line': b'-- Symlinking: /home/asus/nav_2027/rm_nav_v2/install/pb_rm_interfaces/include/pb_rm_interfaces/pb_rm_interfaces/msg/detail/gimbal__functions.h\n'}
[7.494056] (pb_rm_interfaces) StdoutLine: {'line': b'-- Symlinking: /home/asus/nav_2027/rm_nav_v2/install/pb_rm_interfaces/include/pb_rm_interfaces/pb_rm_interfaces/msg/detail/gimbal__struct.h\n'}
[7.498412] (pb_rm_interfaces) StdoutLine: {'line': b'-- Symlinking: /home/asus/nav_2027/rm_nav_v2/install/pb_rm_interfaces/include/pb_rm_interfaces/pb_rm_interfaces/msg/detail/gimbal__type_support.h\n'}
[7.502802] (pb_rm_interfaces) StdoutLine: {'line': b'-- Symlinking: /home/asus/nav_2027/rm_nav_v2/install/pb_rm_interfaces/include/pb_rm_interfaces/pb_rm_interfaces/msg/detail/gimbal_cmd__functions.h\n'}
[7.507164] (pb_rm_interfaces) StdoutLine: {'line': b'-- Symlinking: /home/asus/nav_2027/rm_nav_v2/install/pb_rm_interfaces/include/pb_rm_interfaces/pb_rm_interfaces/msg/detail/gimbal_cmd__struct.h\n'}
[7.511695] (pb_rm_interfaces) StdoutLine: {'line': b'-- Symlinking: /home/asus/nav_2027/rm_nav_v2/install/pb_rm_interfaces/include/pb_rm_interfaces/pb_rm_interfaces/msg/detail/gimbal_cmd__type_support.h\n'}
[7.516266] (pb_rm_interfaces) StdoutLine: {'line': b'-- Symlinking: /home/asus/nav_2027/rm_nav_v2/install/pb_rm_interfaces/include/pb_rm_interfaces/pb_rm_interfaces/msg/detail/ground_robot_position__functions.h\n'}
[7.516486] (-) TimerEvent: {}
[7.520535] (pb_rm_interfaces) StdoutLine: {'line': b'-- Symlinking: /home/asus/nav_2027/rm_nav_v2/install/pb_rm_interfaces/include/pb_rm_interfaces/pb_rm_interfaces/msg/detail/ground_robot_position__struct.h\n'}
[7.524782] (pb_rm_interfaces) StdoutLine: {'line': b'-- Symlinking: /home/asus/nav_2027/rm_nav_v2/install/pb_rm_interfaces/include/pb_rm_interfaces/pb_rm_interfaces/msg/detail/ground_robot_position__type_support.h\n'}
[7.529388] (pb_rm_interfaces) StdoutLine: {'line': b'-- Symlinking: /home/asus/nav_2027/rm_nav_v2/install/pb_rm_interfaces/include/pb_rm_interfaces/pb_rm_interfaces/msg/detail/models__functions.h\n'}
[7.533820] (pb_rm_interfaces) StdoutLine: {'line': b'-- Symlinking: /home/asus/nav_2027/rm_nav_v2/install/pb_rm_interfaces/include/pb_rm_interfaces/pb_rm_interfaces/msg/detail/models__struct.h\n'}
[7.538255] (pb_rm_interfaces) StdoutLine: {'line': b'-- Symlinking: /home/asus/nav_2027/rm_nav_v2/install/pb_rm_interfaces/include/pb_rm_interfaces/pb_rm_interfaces/msg/detail/models__type_support.h\n'}
[7.542840] (pb_rm_interfaces) StdoutLine: {'line': b'-- Symlinking: /home/asus/nav_2027/rm_nav_v2/install/pb_rm_interfaces/include/pb_rm_interfaces/pb_rm_interfaces/msg/detail/rfid_status__functions.h\n'}
[7.547348] (pb_rm_interfaces) StdoutLine: {'line': b'-- Symlinking: /home/asus/nav_2027/rm_nav_v2/install/pb_rm_interfaces/include/pb_rm_interfaces/pb_rm_interfaces/msg/detail/rfid_status__struct.h\n'}
[7.551838] (pb_rm_interfaces) StdoutLine: {'line': b'-- Symlinking: /home/asus/nav_2027/rm_nav_v2/install/pb_rm_interfaces/include/pb_rm_interfaces/pb_rm_interfaces/msg/detail/rfid_status__type_support.h\n'}
[7.556283] (pb_rm_interfaces) StdoutLine: {'line': b'-- Symlinking: /home/asus/nav_2027/rm_nav_v2/install/pb_rm_interfaces/include/pb_rm_interfaces/pb_rm_interfaces/msg/detail/robot_state_info__functions.h\n'}
[7.560928] (pb_rm_interfaces) StdoutLine: {'line': b'-- Symlinking: /home/asus/nav_2027/rm_nav_v2/install/pb_rm_interfaces/include/pb_rm_interfaces/pb_rm_interfaces/msg/detail/robot_state_info__struct.h\n'}
[7.565326] (pb_rm_interfaces) StdoutLine: {'line': b'-- Symlinking: /home/asus/nav_2027/rm_nav_v2/install/pb_rm_interfaces/include/pb_rm_interfaces/pb_rm_interfaces/msg/detail/robot_state_info__type_support.h\n'}
[7.569725] (pb_rm_interfaces) StdoutLine: {'line': b'-- Symlinking: /home/asus/nav_2027/rm_nav_v2/install/pb_rm_interfaces/include/pb_rm_interfaces/pb_rm_interfaces/msg/detail/robot_status__functions.h\n'}
[7.574003] (pb_rm_interfaces) StdoutLine: {'line': b'-- Symlinking: /home/asus/nav_2027/rm_nav_v2/install/pb_rm_interfaces/include/pb_rm_interfaces/pb_rm_interfaces/msg/detail/robot_status__struct.h\n'}
[7.578656] (pb_rm_interfaces) StdoutLine: {'line': b'-- Symlinking: /home/asus/nav_2027/rm_nav_v2/install/pb_rm_interfaces/include/pb_rm_interfaces/pb_rm_interfaces/msg/detail/robot_status__type_support.h\n'}
[7.583199] (pb_rm_interfaces) StdoutLine: {'line': b'-- Symlinking: /home/asus/nav_2027/rm_nav_v2/install/pb_rm_interfaces/include/pb_rm_interfaces/pb_rm_interfaces/msg/event_data.h\n'}
[7.587426] (pb_rm_interfaces) StdoutLine: {'line': b'-- Symlinking: /home/asus/nav_2027/rm_nav_v2/install/pb_rm_interfaces/include/pb_rm_interfaces/pb_rm_interfaces/msg/game_robot_hp.h\n'}
[7.591788] (pb_rm_interfaces) StdoutLine: {'line': b'-- Symlinking: /home/asus/nav_2027/rm_nav_v2/install/pb_rm_interfaces/include/pb_rm_interfaces/pb_rm_interfaces/msg/game_status.h\n'}
[7.596240] (pb_rm_interfaces) StdoutLine: {'line': b'-- Symlinking: /home/asus/nav_2027/rm_nav_v2/install/pb_rm_interfaces/include/pb_rm_interfaces/pb_rm_interfaces/msg/gimbal.h\n'}
[7.600595] (pb_rm_interfaces) StdoutLine: {'line': b'-- Symlinking: /home/asus/nav_2027/rm_nav_v2/install/pb_rm_interfaces/include/pb_rm_interfaces/pb_rm_interfaces/msg/gimbal_cmd.h\n'}
[7.604962] (pb_rm_interfaces) StdoutLine: {'line': b'-- Symlinking: /home/asus/nav_2027/rm_nav_v2/install/pb_rm_interfaces/include/pb_rm_interfaces/pb_rm_interfaces/msg/ground_robot_position.h\n'}
[7.609460] (pb_rm_interfaces) StdoutLine: {'line': b'-- Symlinking: /home/asus/nav_2027/rm_nav_v2/install/pb_rm_interfaces/include/pb_rm_interfaces/pb_rm_interfaces/msg/models.h\n'}
[7.613873] (pb_rm_interfaces) StdoutLine: {'line': b'-- Symlinking: /home/asus/nav_2027/rm_nav_v2/install/pb_rm_interfaces/include/pb_rm_interfaces/pb_rm_interfaces/msg/rfid_status.h\n'}
[7.616559] (-) TimerEvent: {}
[7.618242] (pb_rm_interfaces) StdoutLine: {'line': b'-- Symlinking: /home/asus/nav_2027/rm_nav_v2/install/pb_rm_interfaces/include/pb_rm_interfaces/pb_rm_interfaces/msg/robot_state_info.h\n'}
[7.622548] (pb_rm_interfaces) StdoutLine: {'line': b'-- Symlinking: /home/asus/nav_2027/rm_nav_v2/install/pb_rm_interfaces/include/pb_rm_interfaces/pb_rm_interfaces/msg/robot_status.h\n'}
[7.627022] (pb_rm_interfaces) StdoutLine: {'line': b'-- Symlinking: /home/asus/nav_2027/rm_nav_v2/install/pb_rm_interfaces/include/pb_rm_interfaces/pb_rm_interfaces/msg/rosidl_generator_c__visibility_control.h\n'}
[7.631561] (pb_rm_interfaces) StdoutLine: {'line': b'-- Symlinking: /home/asus/nav_2027/rm_nav_v2/install/pb_rm_interfaces/share/pb_rm_interfaces/environment/library_path.sh\n'}
[7.635987] (pb_rm_interfaces) StdoutLine: {'line': b'-- Symlinking: /home/asus/nav_2027/rm_nav_v2/install/pb_rm_interfaces/share/pb_rm_interfaces/environment/library_path.dsv\n'}
[7.640737] (pb_rm_interfaces) StdoutLine: {'line': b'-- Symlinking: /home/asus/nav_2027/rm_nav_v2/install/pb_rm_interfaces/include/pb_rm_interfaces/pb_rm_interfaces/msg/detail/buff__rosidl_typesupport_fastrtps_c.h\n'}
[7.645238] (pb_rm_interfaces) StdoutLine: {'line': b'-- Symlinking: /home/asus/nav_2027/rm_nav_v2/install/pb_rm_interfaces/include/pb_rm_interfaces/pb_rm_interfaces/msg/detail/event_data__rosidl_typesupport_fastrtps_c.h\n'}
[7.649661] (pb_rm_interfaces) StdoutLine: {'line': b'-- Symlinking: /home/asus/nav_2027/rm_nav_v2/install/pb_rm_interfaces/include/pb_rm_interfaces/pb_rm_interfaces/msg/detail/game_robot_hp__rosidl_typesupport_fastrtps_c.h\n'}
[7.654043] (pb_rm_interfaces) StdoutLine: {'line': b'-- Symlinking: /home/asus/nav_2027/rm_nav_v2/install/pb_rm_interfaces/include/pb_rm_interfaces/pb_rm_interfaces/msg/detail/game_status__rosidl_typesupport_fastrtps_c.h\n'}
[7.658400] (pb_rm_interfaces) StdoutLine: {'line': b'-- Symlinking: /home/asus/nav_2027/rm_nav_v2/install/pb_rm_interfaces/include/pb_rm_interfaces/pb_rm_interfaces/msg/detail/gimbal__rosidl_typesupport_fastrtps_c.h\n'}
[7.662936] (pb_rm_interfaces) StdoutLine: {'line': b'-- Symlinking: /home/asus/nav_2027/rm_nav_v2/install/pb_rm_interfaces/include/pb_rm_interfaces/pb_rm_interfaces/msg/detail/gimbal_cmd__rosidl_typesupport_fastrtps_c.h\n'}
[7.667339] (pb_rm_interfaces) StdoutLine: {'line': b'-- Symlinking: /home/asus/nav_2027/rm_nav_v2/install/pb_rm_interfaces/include/pb_rm_interfaces/pb_rm_interfaces/msg/detail/ground_robot_position__rosidl_typesupport_fastrtps_c.h\n'}
[7.671634] (pb_rm_interfaces) StdoutLine: {'line': b'-- Symlinking: /home/asus/nav_2027/rm_nav_v2/install/pb_rm_interfaces/include/pb_rm_interfaces/pb_rm_interfaces/msg/detail/models__rosidl_typesupport_fastrtps_c.h\n'}
[7.676070] (pb_rm_interfaces) StdoutLine: {'line': b'-- Symlinking: /home/asus/nav_2027/rm_nav_v2/install/pb_rm_interfaces/include/pb_rm_interfaces/pb_rm_interfaces/msg/detail/rfid_status__rosidl_typesupport_fastrtps_c.h\n'}
[7.680450] (pb_rm_interfaces) StdoutLine: {'line': b'-- Symlinking: /home/asus/nav_2027/rm_nav_v2/install/pb_rm_interfaces/include/pb_rm_interfaces/pb_rm_interfaces/msg/detail/robot_state_info__rosidl_typesupport_fastrtps_c.h\n'}
[7.684732] (pb_rm_interfaces) StdoutLine: {'line': b'-- Symlinking: /home/asus/nav_2027/rm_nav_v2/install/pb_rm_interfaces/include/pb_rm_interfaces/pb_rm_interfaces/msg/detail/robot_status__rosidl_typesupport_fastrtps_c.h\n'}
[7.689090] (pb_rm_interfaces) StdoutLine: {'line': b'-- Symlinking: /home/asus/nav_2027/rm_nav_v2/install/pb_rm_interfaces/include/pb_rm_interfaces/pb_rm_interfaces/msg/rosidl_typesupport_fastrtps_c__visibility_control.h\n'}
[7.693782] (pb_rm_interfaces) StdoutLine: {'line': b'-- Symlinking: /home/asus/nav_2027/rm_nav_v2/install/pb_rm_interfaces/include/pb_rm_interfaces/pb_rm_interfaces/msg/detail/buff__rosidl_typesupport_introspection_c.h\n'}
[7.698256] (pb_rm_interfaces) StdoutLine: {'line': b'-- Symlinking: /home/asus/nav_2027/rm_nav_v2/install/pb_rm_interfaces/include/pb_rm_interfaces/pb_rm_interfaces/msg/detail/event_data__rosidl_typesupport_introspection_c.h\n'}
[7.702633] (pb_rm_interfaces) StdoutLine: {'line': b'-- Symlinking: /home/asus/nav_2027/rm_nav_v2/install/pb_rm_interfaces/include/pb_rm_interfaces/pb_rm_interfaces/msg/detail/game_robot_hp__rosidl_typesupport_introspection_c.h\n'}
[7.706953] (pb_rm_interfaces) StdoutLine: {'line': b'-- Symlinking: /home/asus/nav_2027/rm_nav_v2/install/pb_rm_interfaces/include/pb_rm_interfaces/pb_rm_interfaces/msg/detail/game_status__rosidl_typesupport_introspection_c.h\n'}
[7.711500] (pb_rm_interfaces) StdoutLine: {'line': b'-- Symlinking: /home/asus/nav_2027/rm_nav_v2/install/pb_rm_interfaces/include/pb_rm_interfaces/pb_rm_interfaces/msg/detail/gimbal__rosidl_typesupport_introspection_c.h\n'}
[7.715983] (pb_rm_interfaces) StdoutLine: {'line': b'-- Symlinking: /home/asus/nav_2027/rm_nav_v2/install/pb_rm_interfaces/include/pb_rm_interfaces/pb_rm_interfaces/msg/detail/gimbal_cmd__rosidl_typesupport_introspection_c.h\n'}
[7.716632] (-) TimerEvent: {}
[7.720292] (pb_rm_interfaces) StdoutLine: {'line': b'-- Symlinking: /home/asus/nav_2027/rm_nav_v2/install/pb_rm_interfaces/include/pb_rm_interfaces/pb_rm_interfaces/msg/detail/ground_robot_position__rosidl_typesupport_introspection_c.h\n'}
[7.724503] (pb_rm_interfaces) StdoutLine: {'line': b'-- Symlinking: /home/asus/nav_2027/rm_nav_v2/install/pb_rm_interfaces/include/pb_rm_interfaces/pb_rm_interfaces/msg/detail/models__rosidl_typesupport_introspection_c.h\n'}
[7.729089] (pb_rm_interfaces) StdoutLine: {'line': b'-- Symlinking: /home/asus/nav_2027/rm_nav_v2/install/pb_rm_interfaces/include/pb_rm_interfaces/pb_rm_interfaces/msg/detail/rfid_status__rosidl_typesupport_introspection_c.h\n'}
[7.733471] (pb_rm_interfaces) StdoutLine: {'line': b'-- Symlinking: /home/asus/nav_2027/rm_nav_v2/install/pb_rm_interfaces/include/pb_rm_interfaces/pb_rm_interfaces/msg/detail/robot_state_info__rosidl_typesupport_introspection_c.h\n'}
[7.737674] (pb_rm_interfaces) StdoutLine: {'line': b'-- Symlinking: /home/asus/nav_2027/rm_nav_v2/install/pb_rm_interfaces/include/pb_rm_interfaces/pb_rm_interfaces/msg/detail/robot_status__rosidl_typesupport_introspection_c.h\n'}
[7.741978] (pb_rm_interfaces) StdoutLine: {'line': b'-- Symlinking: /home/asus/nav_2027/rm_nav_v2/install/pb_rm_interfaces/include/pb_rm_interfaces/pb_rm_interfaces/msg/rosidl_typesupport_introspection_c__visibility_control.h\n'}
[7.746855] (pb_rm_interfaces) StdoutLine: {'line': b'-- Symlinking: /home/asus/nav_2027/rm_nav_v2/install/pb_rm_interfaces/include/pb_rm_interfaces/pb_rm_interfaces/msg/buff.hpp\n'}
[7.751251] (pb_rm_interfaces) StdoutLine: {'line': b'-- Symlinking: /home/asus/nav_2027/rm_nav_v2/install/pb_rm_interfaces/include/pb_rm_interfaces/pb_rm_interfaces/msg/detail/buff__builder.hpp\n'}
[7.755528] (pb_rm_interfaces) StdoutLine: {'line': b'-- Symlinking: /home/asus/nav_2027/rm_nav_v2/install/pb_rm_interfaces/include/pb_rm_interfaces/pb_rm_interfaces/msg/detail/buff__struct.hpp\n'}
[7.760035] (pb_rm_interfaces) StdoutLine: {'line': b'-- Symlinking: /home/asus/nav_2027/rm_nav_v2/install/pb_rm_interfaces/include/pb_rm_interfaces/pb_rm_interfaces/msg/detail/buff__traits.hpp\n'}
[7.764370] (pb_rm_interfaces) StdoutLine: {'line': b'-- Symlinking: /home/asus/nav_2027/rm_nav_v2/install/pb_rm_interfaces/include/pb_rm_interfaces/pb_rm_interfaces/msg/detail/buff__type_support.hpp\n'}
[7.768651] (pb_rm_interfaces) StdoutLine: {'line': b'-- Symlinking: /home/asus/nav_2027/rm_nav_v2/install/pb_rm_interfaces/include/pb_rm_interfaces/pb_rm_interfaces/msg/detail/event_data__builder.hpp\n'}
[7.772925] (pb_rm_interfaces) StdoutLine: {'line': b'-- Symlinking: /home/asus/nav_2027/rm_nav_v2/install/pb_rm_interfaces/include/pb_rm_interfaces/pb_rm_interfaces/msg/detail/event_data__struct.hpp\n'}
[7.777662] (pb_rm_interfaces) StdoutLine: {'line': b'-- Symlinking: /home/asus/nav_2027/rm_nav_v2/install/pb_rm_interfaces/include/pb_rm_interfaces/pb_rm_interfaces/msg/detail/event_data__traits.hpp\n'}
[7.782420] (pb_rm_interfaces) StdoutLine: {'line': b'-- Symlinking: /home/asus/nav_2027/rm_nav_v2/install/pb_rm_interfaces/include/pb_rm_interfaces/pb_rm_interfaces/msg/detail/event_data__type_support.hpp\n'}
[7.786963] (pb_rm_interfaces) StdoutLine: {'line': b'-- Symlinking: /home/asus/nav_2027/rm_nav_v2/install/pb_rm_interfaces/include/pb_rm_interfaces/pb_rm_interfaces/msg/detail/game_robot_hp__builder.hpp\n'}
[7.791321] (pb_rm_interfaces) StdoutLine: {'line': b'-- Symlinking: /home/asus/nav_2027/rm_nav_v2/install/pb_rm_interfaces/include/pb_rm_interfaces/pb_rm_interfaces/msg/detail/game_robot_hp__struct.hpp\n'}
[7.795937] (pb_rm_interfaces) StdoutLine: {'line': b'-- Symlinking: /home/asus/nav_2027/rm_nav_v2/install/pb_rm_interfaces/include/pb_rm_interfaces/pb_rm_interfaces/msg/detail/game_robot_hp__traits.hpp\n'}
[7.800527] (pb_rm_interfaces) StdoutLine: {'line': b'-- Symlinking: /home/asus/nav_2027/rm_nav_v2/install/pb_rm_interfaces/include/pb_rm_interfaces/pb_rm_interfaces/msg/detail/game_robot_hp__type_support.hpp\n'}
[7.804788] (pb_rm_interfaces) StdoutLine: {'line': b'-- Symlinking: /home/asus/nav_2027/rm_nav_v2/install/pb_rm_interfaces/include/pb_rm_interfaces/pb_rm_interfaces/msg/detail/game_status__builder.hpp\n'}
[7.809222] (pb_rm_interfaces) StdoutLine: {'line': b'-- Symlinking: /home/asus/nav_2027/rm_nav_v2/install/pb_rm_interfaces/include/pb_rm_interfaces/pb_rm_interfaces/msg/detail/game_status__struct.hpp\n'}
[7.813967] (pb_rm_interfaces) StdoutLine: {'line': b'-- Symlinking: /home/asus/nav_2027/rm_nav_v2/install/pb_rm_interfaces/include/pb_rm_interfaces/pb_rm_interfaces/msg/detail/game_status__traits.hpp\n'}
[7.816714] (-) TimerEvent: {}
[7.818430] (pb_rm_interfaces) StdoutLine: {'line': b'-- Symlinking: /home/asus/nav_2027/rm_nav_v2/install/pb_rm_interfaces/include/pb_rm_interfaces/pb_rm_interfaces/msg/detail/game_status__type_support.hpp\n'}
[7.822768] (pb_rm_interfaces) StdoutLine: {'line': b'-- Symlinking: /home/asus/nav_2027/rm_nav_v2/install/pb_rm_interfaces/include/pb_rm_interfaces/pb_rm_interfaces/msg/detail/gimbal__builder.hpp\n'}
[7.827265] (pb_rm_interfaces) StdoutLine: {'line': b'-- Symlinking: /home/asus/nav_2027/rm_nav_v2/install/pb_rm_interfaces/include/pb_rm_interfaces/pb_rm_interfaces/msg/detail/gimbal__struct.hpp\n'}
[7.831696] (pb_rm_interfaces) StdoutLine: {'line': b'-- Symlinking: /home/asus/nav_2027/rm_nav_v2/install/pb_rm_interfaces/include/pb_rm_interfaces/pb_rm_interfaces/msg/detail/gimbal__traits.hpp\n'}
[7.836028] (pb_rm_interfaces) StdoutLine: {'line': b'-- Symlinking: /home/asus/nav_2027/rm_nav_v2/install/pb_rm_interfaces/include/pb_rm_interfaces/pb_rm_interfaces/msg/detail/gimbal__type_support.hpp\n'}
[7.840247] (pb_rm_interfaces) StdoutLine: {'line': b'-- Symlinking: /home/asus/nav_2027/rm_nav_v2/install/pb_rm_interfaces/include/pb_rm_interfaces/pb_rm_interfaces/msg/detail/gimbal_cmd__builder.hpp\n'}
[7.844775] (pb_rm_interfaces) StdoutLine: {'line': b'-- Symlinking: /home/asus/nav_2027/rm_nav_v2/install/pb_rm_interfaces/include/pb_rm_interfaces/pb_rm_interfaces/msg/detail/gimbal_cmd__struct.hpp\n'}
[7.849187] (pb_rm_interfaces) StdoutLine: {'line': b'-- Symlinking: /home/asus/nav_2027/rm_nav_v2/install/pb_rm_interfaces/include/pb_rm_interfaces/pb_rm_interfaces/msg/detail/gimbal_cmd__traits.hpp\n'}
[7.853487] (pb_rm_interfaces) StdoutLine: {'line': b'-- Symlinking: /home/asus/nav_2027/rm_nav_v2/install/pb_rm_interfaces/include/pb_rm_interfaces/pb_rm_interfaces/msg/detail/gimbal_cmd__type_support.hpp\n'}
[7.857823] (pb_rm_interfaces) StdoutLine: {'line': b'-- Symlinking: /home/asus/nav_2027/rm_nav_v2/install/pb_rm_interfaces/include/pb_rm_interfaces/pb_rm_interfaces/msg/detail/ground_robot_position__builder.hpp\n'}
[7.862312] (pb_rm_interfaces) StdoutLine: {'line': b'-- Symlinking: /home/asus/nav_2027/rm_nav_v2/install/pb_rm_interfaces/include/pb_rm_interfaces/pb_rm_interfaces/msg/detail/ground_robot_position__struct.hpp\n'}
[7.866702] (pb_rm_interfaces) StdoutLine: {'line': b'-- Symlinking: /home/asus/nav_2027/rm_nav_v2/install/pb_rm_interfaces/include/pb_rm_interfaces/pb_rm_interfaces/msg/detail/ground_robot_position__traits.hpp\n'}
[7.871059] (pb_rm_interfaces) StdoutLine: {'line': b'-- Symlinking: /home/asus/nav_2027/rm_nav_v2/install/pb_rm_interfaces/include/pb_rm_interfaces/pb_rm_interfaces/msg/detail/ground_robot_position__type_support.hpp\n'}
[7.875529] (pb_rm_interfaces) StdoutLine: {'line': b'-- Symlinking: /home/asus/nav_2027/rm_nav_v2/install/pb_rm_interfaces/include/pb_rm_interfaces/pb_rm_interfaces/msg/detail/models__builder.hpp\n'}
[7.879940] (pb_rm_interfaces) StdoutLine: {'line': b'-- Symlinking: /home/asus/nav_2027/rm_nav_v2/install/pb_rm_interfaces/include/pb_rm_interfaces/pb_rm_interfaces/msg/detail/models__struct.hpp\n'}
[7.884328] (pb_rm_interfaces) StdoutLine: {'line': b'-- Symlinking: /home/asus/nav_2027/rm_nav_v2/install/pb_rm_interfaces/include/pb_rm_interfaces/pb_rm_interfaces/msg/detail/models__traits.hpp\n'}
[7.888638] (pb_rm_interfaces) StdoutLine: {'line': b'-- Symlinking: /home/asus/nav_2027/rm_nav_v2/install/pb_rm_interfaces/include/pb_rm_interfaces/pb_rm_interfaces/msg/detail/models__type_support.hpp\n'}
[7.893431] (pb_rm_interfaces) StdoutLine: {'line': b'-- Symlinking: /home/asus/nav_2027/rm_nav_v2/install/pb_rm_interfaces/include/pb_rm_interfaces/pb_rm_interfaces/msg/detail/rfid_status__builder.hpp\n'}
[7.898034] (pb_rm_interfaces) StdoutLine: {'line': b'-- Symlinking: /home/asus/nav_2027/rm_nav_v2/install/pb_rm_interfaces/include/pb_rm_interfaces/pb_rm_interfaces/msg/detail/rfid_status__struct.hpp\n'}
[7.902384] (pb_rm_interfaces) StdoutLine: {'line': b'-- Symlinking: /home/asus/nav_2027/rm_nav_v2/install/pb_rm_interfaces/include/pb_rm_interfaces/pb_rm_interfaces/msg/detail/rfid_status__traits.hpp\n'}
[7.906664] (pb_rm_interfaces) StdoutLine: {'line': b'-- Symlinking: /home/asus/nav_2027/rm_nav_v2/install/pb_rm_interfaces/include/pb_rm_interfaces/pb_rm_interfaces/msg/detail/rfid_status__type_support.hpp\n'}
[7.911186] (pb_rm_interfaces) StdoutLine: {'line': b'-- Symlinking: /home/asus/nav_2027/rm_nav_v2/install/pb_rm_interfaces/include/pb_rm_interfaces/pb_rm_interfaces/msg/detail/robot_state_info__builder.hpp\n'}
[7.915593] (pb_rm_interfaces) StdoutLine: {'line': b'-- Symlinking: /home/asus/nav_2027/rm_nav_v2/install/pb_rm_interfaces/include/pb_rm_interfaces/pb_rm_interfaces/msg/detail/robot_state_info__struct.hpp\n'}
[7.916795] (-) TimerEvent: {}
[7.919858] (pb_rm_interfaces) StdoutLine: {'line': b'-- Symlinking: /home/asus/nav_2027/rm_nav_v2/install/pb_rm_interfaces/include/pb_rm_interfaces/pb_rm_interfaces/msg/detail/robot_state_info__traits.hpp\n'}
[7.924331] (pb_rm_interfaces) StdoutLine: {'line': b'-- Symlinking: /home/asus/nav_2027/rm_nav_v2/install/pb_rm_interfaces/include/pb_rm_interfaces/pb_rm_interfaces/msg/detail/robot_state_info__type_support.hpp\n'}
[7.928650] (pb_rm_interfaces) StdoutLine: {'line': b'-- Symlinking: /home/asus/nav_2027/rm_nav_v2/install/pb_rm_interfaces/include/pb_rm_interfaces/pb_rm_interfaces/msg/detail/robot_status__builder.hpp\n'}
[7.933181] (pb_rm_interfaces) StdoutLine: {'line': b'-- Symlinking: /home/asus/nav_2027/rm_nav_v2/install/pb_rm_interfaces/include/pb_rm_interfaces/pb_rm_interfaces/msg/detail/robot_status__struct.hpp\n'}
[7.937422] (pb_rm_interfaces) StdoutLine: {'line': b'-- Symlinking: /home/asus/nav_2027/rm_nav_v2/install/pb_rm_interfaces/include/pb_rm_interfaces/pb_rm_interfaces/msg/detail/robot_status__traits.hpp\n'}
[7.941740] (pb_rm_interfaces) StdoutLine: {'line': b'-- Symlinking: /home/asus/nav_2027/rm_nav_v2/install/pb_rm_interfaces/include/pb_rm_interfaces/pb_rm_interfaces/msg/detail/robot_status__type_support.hpp\n'}
[7.946297] (pb_rm_interfaces) StdoutLine: {'line': b'-- Symlinking: /home/asus/nav_2027/rm_nav_v2/install/pb_rm_interfaces/include/pb_rm_interfaces/pb_rm_interfaces/msg/event_data.hpp\n'}
[7.950852] (pb_rm_interfaces) StdoutLine: {'line': b'-- Symlinking: /home/asus/nav_2027/rm_nav_v2/install/pb_rm_interfaces/include/pb_rm_interfaces/pb_rm_interfaces/msg/game_robot_hp.hpp\n'}
[7.955196] (pb_rm_interfaces) StdoutLine: {'line': b'-- Symlinking: /home/asus/nav_2027/rm_nav_v2/install/pb_rm_interfaces/include/pb_rm_interfaces/pb_rm_interfaces/msg/game_status.hpp\n'}
[7.959626] (pb_rm_interfaces) StdoutLine: {'line': b'-- Symlinking: /home/asus/nav_2027/rm_nav_v2/install/pb_rm_interfaces/include/pb_rm_interfaces/pb_rm_interfaces/msg/gimbal.hpp\n'}
[7.964034] (pb_rm_interfaces) StdoutLine: {'line': b'-- Symlinking: /home/asus/nav_2027/rm_nav_v2/install/pb_rm_interfaces/include/pb_rm_interfaces/pb_rm_interfaces/msg/gimbal_cmd.hpp\n'}
[7.968445] (pb_rm_interfaces) StdoutLine: {'line': b'-- Symlinking: /home/asus/nav_2027/rm_nav_v2/install/pb_rm_interfaces/include/pb_rm_interfaces/pb_rm_interfaces/msg/ground_robot_position.hpp\n'}
[7.972738] (pb_rm_interfaces) StdoutLine: {'line': b'-- Symlinking: /home/asus/nav_2027/rm_nav_v2/install/pb_rm_interfaces/include/pb_rm_interfaces/pb_rm_interfaces/msg/models.hpp\n'}
[7.977249] (pb_rm_interfaces) StdoutLine: {'line': b'-- Symlinking: /home/asus/nav_2027/rm_nav_v2/install/pb_rm_interfaces/include/pb_rm_interfaces/pb_rm_interfaces/msg/rfid_status.hpp\n'}
[7.981690] (pb_rm_interfaces) StdoutLine: {'line': b'-- Symlinking: /home/asus/nav_2027/rm_nav_v2/install/pb_rm_interfaces/include/pb_rm_interfaces/pb_rm_interfaces/msg/robot_state_info.hpp\n'}
[7.986131] (pb_rm_interfaces) StdoutLine: {'line': b'-- Symlinking: /home/asus/nav_2027/rm_nav_v2/install/pb_rm_interfaces/include/pb_rm_interfaces/pb_rm_interfaces/msg/robot_status.hpp\n'}
[7.990411] (pb_rm_interfaces) StdoutLine: {'line': b'-- Symlinking: /home/asus/nav_2027/rm_nav_v2/install/pb_rm_interfaces/include/pb_rm_interfaces/pb_rm_interfaces/msg/rosidl_generator_cpp__visibility_control.hpp\n'}
[7.995291] (pb_rm_interfaces) StdoutLine: {'line': b'-- Symlinking: /home/asus/nav_2027/rm_nav_v2/install/pb_rm_interfaces/include/pb_rm_interfaces/pb_rm_interfaces/msg/detail/buff__rosidl_typesupport_fastrtps_cpp.hpp\n'}
[7.999765] (pb_rm_interfaces) StdoutLine: {'line': b'-- Symlinking: /home/asus/nav_2027/rm_nav_v2/install/pb_rm_interfaces/include/pb_rm_interfaces/pb_rm_interfaces/msg/detail/event_data__rosidl_typesupport_fastrtps_cpp.hpp\n'}
[8.004105] (pb_rm_interfaces) StdoutLine: {'line': b'-- Symlinking: /home/asus/nav_2027/rm_nav_v2/install/pb_rm_interfaces/include/pb_rm_interfaces/pb_rm_interfaces/msg/detail/game_robot_hp__rosidl_typesupport_fastrtps_cpp.hpp\n'}
[8.008538] (pb_rm_interfaces) StdoutLine: {'line': b'-- Symlinking: /home/asus/nav_2027/rm_nav_v2/install/pb_rm_interfaces/include/pb_rm_interfaces/pb_rm_interfaces/msg/detail/game_status__rosidl_typesupport_fastrtps_cpp.hpp\n'}
[8.012840] (pb_rm_interfaces) StdoutLine: {'line': b'-- Symlinking: /home/asus/nav_2027/rm_nav_v2/install/pb_rm_interfaces/include/pb_rm_interfaces/pb_rm_interfaces/msg/detail/gimbal__rosidl_typesupport_fastrtps_cpp.hpp\n'}
[8.016866] (-) TimerEvent: {}
[8.017274] (pb_rm_interfaces) StdoutLine: {'line': b'-- Symlinking: /home/asus/nav_2027/rm_nav_v2/install/pb_rm_interfaces/include/pb_rm_interfaces/pb_rm_interfaces/msg/detail/gimbal_cmd__rosidl_typesupport_fastrtps_cpp.hpp\n'}
[8.021526] (pb_rm_interfaces) StdoutLine: {'line': b'-- Symlinking: /home/asus/nav_2027/rm_nav_v2/install/pb_rm_interfaces/include/pb_rm_interfaces/pb_rm_interfaces/msg/detail/ground_robot_position__rosidl_typesupport_fastrtps_cpp.hpp\n'}
[8.026376] (pb_rm_interfaces) StdoutLine: {'line': b'-- Symlinking: /home/asus/nav_2027/rm_nav_v2/install/pb_rm_interfaces/include/pb_rm_interfaces/pb_rm_interfaces/msg/detail/models__rosidl_typesupport_fastrtps_cpp.hpp\n'}
[8.031115] (pb_rm_interfaces) StdoutLine: {'line': b'-- Symlinking: /home/asus/nav_2027/rm_nav_v2/install/pb_rm_interfaces/include/pb_rm_interfaces/pb_rm_interfaces/msg/detail/rfid_status__rosidl_typesupport_fastrtps_cpp.hpp\n'}
[8.035520] (pb_rm_interfaces) StdoutLine: {'line': b'-- Symlinking: /home/asus/nav_2027/rm_nav_v2/install/pb_rm_interfaces/include/pb_rm_interfaces/pb_rm_interfaces/msg/detail/robot_state_info__rosidl_typesupport_fastrtps_cpp.hpp\n'}
[8.039852] (pb_rm_interfaces) StdoutLine: {'line': b'-- Symlinking: /home/asus/nav_2027/rm_nav_v2/install/pb_rm_interfaces/include/pb_rm_interfaces/pb_rm_interfaces/msg/detail/robot_status__rosidl_typesupport_fastrtps_cpp.hpp\n'}
[8.044449] (pb_rm_interfaces) StdoutLine: {'line': b'-- Symlinking: /home/asus/nav_2027/rm_nav_v2/install/pb_rm_interfaces/include/pb_rm_interfaces/pb_rm_interfaces/msg/rosidl_typesupport_fastrtps_cpp__visibility_control.h\n'}
[8.049107] (pb_rm_interfaces) StdoutLine: {'line': b'-- Symlinking: /home/asus/nav_2027/rm_nav_v2/install/pb_rm_interfaces/include/pb_rm_interfaces/pb_rm_interfaces/msg/detail/buff__rosidl_typesupport_introspection_cpp.hpp\n'}
[8.053383] (pb_rm_interfaces) StdoutLine: {'line': b'-- Symlinking: /home/asus/nav_2027/rm_nav_v2/install/pb_rm_interfaces/include/pb_rm_interfaces/pb_rm_interfaces/msg/detail/event_data__rosidl_typesupport_introspection_cpp.hpp\n'}
[8.057598] (pb_rm_interfaces) StdoutLine: {'line': b'-- Symlinking: /home/asus/nav_2027/rm_nav_v2/install/pb_rm_interfaces/include/pb_rm_interfaces/pb_rm_interfaces/msg/detail/game_robot_hp__rosidl_typesupport_introspection_cpp.hpp\n'}
[8.062215] (pb_rm_interfaces) StdoutLine: {'line': b'-- Symlinking: /home/asus/nav_2027/rm_nav_v2/install/pb_rm_interfaces/include/pb_rm_interfaces/pb_rm_interfaces/msg/detail/game_status__rosidl_typesupport_introspection_cpp.hpp\n'}
[8.066641] (pb_rm_interfaces) StdoutLine: {'line': b'-- Symlinking: /home/asus/nav_2027/rm_nav_v2/install/pb_rm_interfaces/include/pb_rm_interfaces/pb_rm_interfaces/msg/detail/gimbal__rosidl_typesupport_introspection_cpp.hpp\n'}
[8.071041] (pb_rm_interfaces) StdoutLine: {'line': b'-- Symlinking: /home/asus/nav_2027/rm_nav_v2/install/pb_rm_interfaces/include/pb_rm_interfaces/pb_rm_interfaces/msg/detail/gimbal_cmd__rosidl_typesupport_introspection_cpp.hpp\n'}
[8.075395] (pb_rm_interfaces) StdoutLine: {'line': b'-- Symlinking: /home/asus/nav_2027/rm_nav_v2/install/pb_rm_interfaces/include/pb_rm_interfaces/pb_rm_interfaces/msg/detail/ground_robot_position__rosidl_typesupport_introspection_cpp.hpp\n'}
[8.079776] (pb_rm_interfaces) StdoutLine: {'line': b'-- Symlinking: /home/asus/nav_2027/rm_nav_v2/install/pb_rm_interfaces/include/pb_rm_interfaces/pb_rm_interfaces/msg/detail/models__rosidl_typesupport_introspection_cpp.hpp\n'}
[8.084238] (pb_rm_interfaces) StdoutLine: {'line': b'-- Symlinking: /home/asus/nav_2027/rm_nav_v2/install/pb_rm_interfaces/include/pb_rm_interfaces/pb_rm_interfaces/msg/detail/rfid_status__rosidl_typesupport_introspection_cpp.hpp\n'}
[8.088382] (pb_rm_interfaces) StdoutLine: {'line': b'-- Symlinking: /home/asus/nav_2027/rm_nav_v2/install/pb_rm_interfaces/include/pb_rm_interfaces/pb_rm_interfaces/msg/detail/robot_state_info__rosidl_typesupport_introspection_cpp.hpp\n'}
[8.092790] (pb_rm_interfaces) StdoutLine: {'line': b'-- Symlinking: /home/asus/nav_2027/rm_nav_v2/install/pb_rm_interfaces/include/pb_rm_interfaces/pb_rm_interfaces/msg/detail/robot_status__rosidl_typesupport_introspection_cpp.hpp\n'}
[8.097247] (pb_rm_interfaces) StdoutLine: {'line': b'-- Symlinking: /home/asus/nav_2027/rm_nav_v2/install/pb_rm_interfaces/share/pb_rm_interfaces/environment/pythonpath.sh\n'}
[8.101658] (pb_rm_interfaces) StdoutLine: {'line': b'-- Symlinking: /home/asus/nav_2027/rm_nav_v2/install/pb_rm_interfaces/share/pb_rm_interfaces/environment/pythonpath.dsv\n'}
[8.106205] (pb_rm_interfaces) StdoutLine: {'line': b'-- Symlinking: /home/asus/nav_2027/rm_nav_v2/install/pb_rm_interfaces/lib/python3.12/site-packages/pb_rm_interfaces-1.0.0-py3.12.egg-info/PKG-INFO\n'}
[8.110830] (pb_rm_interfaces) StdoutLine: {'line': b'-- Symlinking: /home/asus/nav_2027/rm_nav_v2/install/pb_rm_interfaces/lib/python3.12/site-packages/pb_rm_interfaces-1.0.0-py3.12.egg-info/SOURCES.txt\n'}
[8.115325] (pb_rm_interfaces) StdoutLine: {'line': b'-- Symlinking: /home/asus/nav_2027/rm_nav_v2/install/pb_rm_interfaces/lib/python3.12/site-packages/pb_rm_interfaces-1.0.0-py3.12.egg-info/dependency_links.txt\n'}
[8.116952] (-) TimerEvent: {}
[8.119573] (pb_rm_interfaces) StdoutLine: {'line': b'-- Symlinking: /home/asus/nav_2027/rm_nav_v2/install/pb_rm_interfaces/lib/python3.12/site-packages/pb_rm_interfaces-1.0.0-py3.12.egg-info/top_level.txt\n'}
[8.124370] (pb_rm_interfaces) StdoutLine: {'line': b'-- Symlinking: /home/asus/nav_2027/rm_nav_v2/install/pb_rm_interfaces/lib/python3.12/site-packages/pb_rm_interfaces/__init__.py\n'}
[8.129103] (pb_rm_interfaces) StdoutLine: {'line': b'-- Symlinking: /home/asus/nav_2027/rm_nav_v2/install/pb_rm_interfaces/lib/python3.12/site-packages/pb_rm_interfaces/_pb_rm_interfaces_s.ep.rosidl_typesupport_c.c\n'}
[8.139444] (pb_rm_interfaces) StdoutLine: {'line': b'-- Symlinking: /home/asus/nav_2027/rm_nav_v2/install/pb_rm_interfaces/lib/python3.12/site-packages/pb_rm_interfaces/_pb_rm_interfaces_s.ep.rosidl_typesupport_fastrtps_c.c\n'}
[8.144055] (pb_rm_interfaces) StdoutLine: {'line': b'-- Symlinking: /home/asus/nav_2027/rm_nav_v2/install/pb_rm_interfaces/lib/python3.12/site-packages/pb_rm_interfaces/_pb_rm_interfaces_s.ep.rosidl_typesupport_introspection_c.c\n'}
[8.148557] (pb_rm_interfaces) StdoutLine: {'line': b'-- Symlinking: /home/asus/nav_2027/rm_nav_v2/install/pb_rm_interfaces/lib/python3.12/site-packages/pb_rm_interfaces/msg/__init__.py\n'}
[8.152970] (pb_rm_interfaces) StdoutLine: {'line': b'-- Symlinking: /home/asus/nav_2027/rm_nav_v2/install/pb_rm_interfaces/lib/python3.12/site-packages/pb_rm_interfaces/msg/_buff.py\n'}
[8.157373] (pb_rm_interfaces) StdoutLine: {'line': b'-- Symlinking: /home/asus/nav_2027/rm_nav_v2/install/pb_rm_interfaces/lib/python3.12/site-packages/pb_rm_interfaces/msg/_buff_s.c\n'}
[8.161833] (pb_rm_interfaces) StdoutLine: {'line': b'-- Symlinking: /home/asus/nav_2027/rm_nav_v2/install/pb_rm_interfaces/lib/python3.12/site-packages/pb_rm_interfaces/msg/_event_data.py\n'}
[8.166295] (pb_rm_interfaces) StdoutLine: {'line': b'-- Symlinking: /home/asus/nav_2027/rm_nav_v2/install/pb_rm_interfaces/lib/python3.12/site-packages/pb_rm_interfaces/msg/_event_data_s.c\n'}
[8.170544] (pb_rm_interfaces) StdoutLine: {'line': b'-- Symlinking: /home/asus/nav_2027/rm_nav_v2/install/pb_rm_interfaces/lib/python3.12/site-packages/pb_rm_interfaces/msg/_game_robot_hp.py\n'}
[8.174840] (pb_rm_interfaces) StdoutLine: {'line': b'-- Symlinking: /home/asus/nav_2027/rm_nav_v2/install/pb_rm_interfaces/lib/python3.12/site-packages/pb_rm_interfaces/msg/_game_robot_hp_s.c\n'}
[8.179537] (pb_rm_interfaces) StdoutLine: {'line': b'-- Symlinking: /home/asus/nav_2027/rm_nav_v2/install/pb_rm_interfaces/lib/python3.12/site-packages/pb_rm_interfaces/msg/_game_status.py\n'}
[8.184044] (pb_rm_interfaces) StdoutLine: {'line': b'-- Symlinking: /home/asus/nav_2027/rm_nav_v2/install/pb_rm_interfaces/lib/python3.12/site-packages/pb_rm_interfaces/msg/_game_status_s.c\n'}
[8.188443] (pb_rm_interfaces) StdoutLine: {'line': b'-- Symlinking: /home/asus/nav_2027/rm_nav_v2/install/pb_rm_interfaces/lib/python3.12/site-packages/pb_rm_interfaces/msg/_gimbal.py\n'}
[8.192861] (pb_rm_interfaces) StdoutLine: {'line': b'-- Symlinking: /home/asus/nav_2027/rm_nav_v2/install/pb_rm_interfaces/lib/python3.12/site-packages/pb_rm_interfaces/msg/_gimbal_cmd.py\n'}
[8.197319] (pb_rm_interfaces) StdoutLine: {'line': b'-- Symlinking: /home/asus/nav_2027/rm_nav_v2/install/pb_rm_interfaces/lib/python3.12/site-packages/pb_rm_interfaces/msg/_gimbal_cmd_s.c\n'}
[8.201726] (pb_rm_interfaces) StdoutLine: {'line': b'-- Symlinking: /home/asus/nav_2027/rm_nav_v2/install/pb_rm_interfaces/lib/python3.12/site-packages/pb_rm_interfaces/msg/_gimbal_s.c\n'}
[8.206110] (pb_rm_interfaces) StdoutLine: {'line': b'-- Symlinking: /home/asus/nav_2027/rm_nav_v2/install/pb_rm_interfaces/lib/python3.12/site-packages/pb_rm_interfaces/msg/_ground_robot_position.py\n'}
[8.210505] (pb_rm_interfaces) StdoutLine: {'line': b'-- Symlinking: /home/asus/nav_2027/rm_nav_v2/install/pb_rm_interfaces/lib/python3.12/site-packages/pb_rm_interfaces/msg/_ground_robot_position_s.c\n'}
[8.215015] (pb_rm_interfaces) StdoutLine: {'line': b'-- Symlinking: /home/asus/nav_2027/rm_nav_v2/install/pb_rm_interfaces/lib/python3.12/site-packages/pb_rm_interfaces/msg/_models.py\n'}
[8.217028] (-) TimerEvent: {}
[8.219307] (pb_rm_interfaces) StdoutLine: {'line': b'-- Symlinking: /home/asus/nav_2027/rm_nav_v2/install/pb_rm_interfaces/lib/python3.12/site-packages/pb_rm_interfaces/msg/_models_s.c\n'}
[8.223557] (pb_rm_interfaces) StdoutLine: {'line': b'-- Symlinking: /home/asus/nav_2027/rm_nav_v2/install/pb_rm_interfaces/lib/python3.12/site-packages/pb_rm_interfaces/msg/_rfid_status.py\n'}
[8.228036] (pb_rm_interfaces) StdoutLine: {'line': b'-- Symlinking: /home/asus/nav_2027/rm_nav_v2/install/pb_rm_interfaces/lib/python3.12/site-packages/pb_rm_interfaces/msg/_rfid_status_s.c\n'}
[8.232489] (pb_rm_interfaces) StdoutLine: {'line': b'-- Symlinking: /home/asus/nav_2027/rm_nav_v2/install/pb_rm_interfaces/lib/python3.12/site-packages/pb_rm_interfaces/msg/_robot_state_info.py\n'}
[8.236807] (pb_rm_interfaces) StdoutLine: {'line': b'-- Symlinking: /home/asus/nav_2027/rm_nav_v2/install/pb_rm_interfaces/lib/python3.12/site-packages/pb_rm_interfaces/msg/_robot_state_info_s.c\n'}
[8.241044] (pb_rm_interfaces) StdoutLine: {'line': b'-- Symlinking: /home/asus/nav_2027/rm_nav_v2/install/pb_rm_interfaces/lib/python3.12/site-packages/pb_rm_interfaces/msg/_robot_status.py\n'}
[8.245713] (pb_rm_interfaces) StdoutLine: {'line': b'-- Symlinking: /home/asus/nav_2027/rm_nav_v2/install/pb_rm_interfaces/lib/python3.12/site-packages/pb_rm_interfaces/msg/_robot_status_s.c\n'}
[8.250164] (pb_rm_interfaces) StdoutLine: {'line': b'-- Symlinking: /home/asus/nav_2027/rm_nav_v2/install/pb_rm_interfaces/lib/python3.12/site-packages/pb_rm_interfaces/pb_rm_interfaces_s__rosidl_typesupport_c.so\n'}
[8.254513] (pb_rm_interfaces) StdoutLine: {'line': b'-- Symlinking: /home/asus/nav_2027/rm_nav_v2/install/pb_rm_interfaces/lib/python3.12/site-packages/pb_rm_interfaces/pb_rm_interfaces_s__rosidl_typesupport_fastrtps_c.so\n'}
[8.258712] (pb_rm_interfaces) StdoutLine: {'line': b'-- Symlinking: /home/asus/nav_2027/rm_nav_v2/install/pb_rm_interfaces/lib/python3.12/site-packages/pb_rm_interfaces/pb_rm_interfaces_s__rosidl_typesupport_introspection_c.so\n'}
[8.263421] (pb_rm_interfaces) StdoutLine: {'line': b'-- Up-to-date symlink: /home/asus/nav_2027/rm_nav_v2/install/pb_rm_interfaces/lib/python3.12/site-packages/pb_rm_interfaces/pb_rm_interfaces_s__rosidl_typesupport_fastrtps_c.so\n'}
[8.263775] (pb_rm_interfaces) StdoutLine: {'line': b'-- Up-to-date symlink: /home/asus/nav_2027/rm_nav_v2/install/pb_rm_interfaces/lib/python3.12/site-packages/pb_rm_interfaces/pb_rm_interfaces_s__rosidl_typesupport_introspection_c.so\n'}
[8.263890] (pb_rm_interfaces) StdoutLine: {'line': b'-- Up-to-date symlink: /home/asus/nav_2027/rm_nav_v2/install/pb_rm_interfaces/lib/python3.12/site-packages/pb_rm_interfaces/pb_rm_interfaces_s__rosidl_typesupport_c.so\n'}
[8.263974] (pb_rm_interfaces) StdoutLine: {'line': b'-- Symlinking: /home/asus/nav_2027/rm_nav_v2/install/pb_rm_interfaces/share/ament_index/resource_index/rust_packages/pb_rm_interfaces\n'}
[8.268490] (pb_rm_interfaces) StdoutLine: {'line': b'-- Symlinking: /home/asus/nav_2027/rm_nav_v2/install/pb_rm_interfaces/share/pb_rm_interfaces/rust/Cargo.toml\n'}
[8.272840] (pb_rm_interfaces) StdoutLine: {'line': b'-- Symlinking: /home/asus/nav_2027/rm_nav_v2/install/pb_rm_interfaces/share/pb_rm_interfaces/rust/build.rs\n'}
[8.282915] (pb_rm_interfaces) StdoutLine: {'line': b'-- Symlinking: /home/asus/nav_2027/rm_nav_v2/install/pb_rm_interfaces/share/pb_rm_interfaces/rust/src/lib.rs\n'}
[8.287649] (pb_rm_interfaces) StdoutLine: {'line': b'-- Symlinking: /home/asus/nav_2027/rm_nav_v2/install/pb_rm_interfaces/share/pb_rm_interfaces/rust/src/msg.rs\n'}
[8.292069] (pb_rm_interfaces) StdoutLine: {'line': b'-- Symlinking: /home/asus/nav_2027/rm_nav_v2/install/pb_rm_interfaces/share/pb_rm_interfaces/rust/src/msg/rmw.rs\n'}
[8.296791] (pb_rm_interfaces) StdoutLine: {'line': b'-- Symlinking: /home/asus/nav_2027/rm_nav_v2/install/pb_rm_interfaces/share/pb_rm_interfaces/msg/Buff.idl\n'}
[8.301294] (pb_rm_interfaces) StdoutLine: {'line': b'-- Symlinking: /home/asus/nav_2027/rm_nav_v2/install/pb_rm_interfaces/share/pb_rm_interfaces/msg/EventData.idl\n'}
[8.305860] (pb_rm_interfaces) StdoutLine: {'line': b'-- Symlinking: /home/asus/nav_2027/rm_nav_v2/install/pb_rm_interfaces/share/pb_rm_interfaces/msg/GameRobotHP.idl\n'}
[8.310672] (pb_rm_interfaces) StdoutLine: {'line': b'-- Symlinking: /home/asus/nav_2027/rm_nav_v2/install/pb_rm_interfaces/share/pb_rm_interfaces/msg/GameStatus.idl\n'}
[8.315197] (pb_rm_interfaces) StdoutLine: {'line': b'-- Symlinking: /home/asus/nav_2027/rm_nav_v2/install/pb_rm_interfaces/share/pb_rm_interfaces/msg/GroundRobotPosition.idl\n'}
[8.317112] (-) TimerEvent: {}
[8.319579] (pb_rm_interfaces) StdoutLine: {'line': b'-- Symlinking: /home/asus/nav_2027/rm_nav_v2/install/pb_rm_interfaces/share/pb_rm_interfaces/msg/RfidStatus.idl\n'}
[8.324218] (pb_rm_interfaces) StdoutLine: {'line': b'-- Symlinking: /home/asus/nav_2027/rm_nav_v2/install/pb_rm_interfaces/share/pb_rm_interfaces/msg/RobotStatus.idl\n'}
[8.329025] (pb_rm_interfaces) StdoutLine: {'line': b'-- Symlinking: /home/asus/nav_2027/rm_nav_v2/install/pb_rm_interfaces/share/pb_rm_interfaces/msg/Gimbal.idl\n'}
[8.333529] (pb_rm_interfaces) StdoutLine: {'line': b'-- Symlinking: /home/asus/nav_2027/rm_nav_v2/install/pb_rm_interfaces/share/pb_rm_interfaces/msg/GimbalCmd.idl\n'}
[8.337903] (pb_rm_interfaces) StdoutLine: {'line': b'-- Symlinking: /home/asus/nav_2027/rm_nav_v2/install/pb_rm_interfaces/share/pb_rm_interfaces/msg/Models.idl\n'}
[8.342202] (pb_rm_interfaces) StdoutLine: {'line': b'-- Symlinking: /home/asus/nav_2027/rm_nav_v2/install/pb_rm_interfaces/share/pb_rm_interfaces/msg/RobotStateInfo.idl\n'}
[8.346776] (pb_rm_interfaces) StdoutLine: {'line': b'-- Symlinking: /home/asus/nav_2027/rm_nav_v2/install/pb_rm_interfaces/share/pb_rm_interfaces/referee/Buff.msg\n'}
[8.351208] (pb_rm_interfaces) StdoutLine: {'line': b'-- Symlinking: /home/asus/nav_2027/rm_nav_v2/install/pb_rm_interfaces/share/pb_rm_interfaces/referee/EventData.msg\n'}
[8.355623] (pb_rm_interfaces) StdoutLine: {'line': b'-- Symlinking: /home/asus/nav_2027/rm_nav_v2/install/pb_rm_interfaces/share/pb_rm_interfaces/referee/GameRobotHP.msg\n'}
[8.360081] (pb_rm_interfaces) StdoutLine: {'line': b'-- Symlinking: /home/asus/nav_2027/rm_nav_v2/install/pb_rm_interfaces/share/pb_rm_interfaces/referee/GameStatus.msg\n'}
[8.364530] (pb_rm_interfaces) StdoutLine: {'line': b'-- Symlinking: /home/asus/nav_2027/rm_nav_v2/install/pb_rm_interfaces/share/pb_rm_interfaces/referee/GroundRobotPosition.msg\n'}
[8.369211] (pb_rm_interfaces) StdoutLine: {'line': b'-- Symlinking: /home/asus/nav_2027/rm_nav_v2/install/pb_rm_interfaces/share/pb_rm_interfaces/referee/RfidStatus.msg\n'}
[8.373618] (pb_rm_interfaces) StdoutLine: {'line': b'-- Symlinking: /home/asus/nav_2027/rm_nav_v2/install/pb_rm_interfaces/share/pb_rm_interfaces/referee/RobotStatus.msg\n'}
[8.378200] (pb_rm_interfaces) StdoutLine: {'line': b'-- Symlinking: /home/asus/nav_2027/rm_nav_v2/install/pb_rm_interfaces/share/pb_rm_interfaces/msg/Gimbal.msg\n'}
[8.382688] (pb_rm_interfaces) StdoutLine: {'line': b'-- Symlinking: /home/asus/nav_2027/rm_nav_v2/install/pb_rm_interfaces/share/pb_rm_interfaces/msg/GimbalCmd.msg\n'}
[8.387024] (pb_rm_interfaces) StdoutLine: {'line': b'-- Symlinking: /home/asus/nav_2027/rm_nav_v2/install/pb_rm_interfaces/share/pb_rm_interfaces/msg/Models.msg\n'}
[8.391444] (pb_rm_interfaces) StdoutLine: {'line': b'-- Symlinking: /home/asus/nav_2027/rm_nav_v2/install/pb_rm_interfaces/share/pb_rm_interfaces/msg/RobotStateInfo.msg\n'}
[8.395832] (pb_rm_interfaces) StdoutLine: {'line': b'-- Symlinking: /home/asus/nav_2027/rm_nav_v2/install/pb_rm_interfaces/share/ament_index/resource_index/package_run_dependencies/pb_rm_interfaces\n'}
[8.400425] (pb_rm_interfaces) StdoutLine: {'line': b'-- Symlinking: /home/asus/nav_2027/rm_nav_v2/install/pb_rm_interfaces/share/ament_index/resource_index/parent_prefix_path/pb_rm_interfaces\n'}
[8.404869] (pb_rm_interfaces) StdoutLine: {'line': b'-- Symlinking: /home/asus/nav_2027/rm_nav_v2/install/pb_rm_interfaces/share/pb_rm_interfaces/environment/ament_prefix_path.sh\n'}
[8.409313] (pb_rm_interfaces) StdoutLine: {'line': b'-- Symlinking: /home/asus/nav_2027/rm_nav_v2/install/pb_rm_interfaces/share/pb_rm_interfaces/environment/ament_prefix_path.dsv\n'}
[8.413712] (pb_rm_interfaces) StdoutLine: {'line': b'-- Symlinking: /home/asus/nav_2027/rm_nav_v2/install/pb_rm_interfaces/share/pb_rm_interfaces/environment/path.sh\n'}
[8.417183] (-) TimerEvent: {}
[8.418138] (pb_rm_interfaces) StdoutLine: {'line': b'-- Symlinking: /home/asus/nav_2027/rm_nav_v2/install/pb_rm_interfaces/share/pb_rm_interfaces/environment/path.dsv\n'}
[8.422466] (pb_rm_interfaces) StdoutLine: {'line': b'-- Symlinking: /home/asus/nav_2027/rm_nav_v2/install/pb_rm_interfaces/share/pb_rm_interfaces/local_setup.bash\n'}
[8.426935] (pb_rm_interfaces) StdoutLine: {'line': b'-- Symlinking: /home/asus/nav_2027/rm_nav_v2/install/pb_rm_interfaces/share/pb_rm_interfaces/local_setup.sh\n'}
[8.431458] (pb_rm_interfaces) StdoutLine: {'line': b'-- Symlinking: /home/asus/nav_2027/rm_nav_v2/install/pb_rm_interfaces/share/pb_rm_interfaces/local_setup.zsh\n'}
[8.435903] (pb_rm_interfaces) StdoutLine: {'line': b'-- Symlinking: /home/asus/nav_2027/rm_nav_v2/install/pb_rm_interfaces/share/pb_rm_interfaces/local_setup.dsv\n'}
[8.440260] (pb_rm_interfaces) StdoutLine: {'line': b'-- Symlinking: /home/asus/nav_2027/rm_nav_v2/install/pb_rm_interfaces/share/pb_rm_interfaces/package.dsv\n'}
[8.444853] (pb_rm_interfaces) StdoutLine: {'line': b'-- Symlinking: /home/asus/nav_2027/rm_nav_v2/install/pb_rm_interfaces/share/ament_index/resource_index/packages/pb_rm_interfaces\n'}
[8.449480] (pb_rm_interfaces) StdoutLine: {'line': b'-- Symlinking: /home/asus/nav_2027/rm_nav_v2/install/pb_rm_interfaces/share/pb_rm_interfaces/cmake/rosidl_cmake-extras.cmake\n'}
[8.453752] (pb_rm_interfaces) StdoutLine: {'line': b'-- Symlinking: /home/asus/nav_2027/rm_nav_v2/install/pb_rm_interfaces/share/pb_rm_interfaces/cmake/ament_cmake_export_dependencies-extras.cmake\n'}
[8.458078] (pb_rm_interfaces) StdoutLine: {'line': b'-- Symlinking: /home/asus/nav_2027/rm_nav_v2/install/pb_rm_interfaces/share/pb_rm_interfaces/cmake/ament_cmake_export_include_directories-extras.cmake\n'}
[8.462619] (pb_rm_interfaces) StdoutLine: {'line': b'-- Symlinking: /home/asus/nav_2027/rm_nav_v2/install/pb_rm_interfaces/share/pb_rm_interfaces/cmake/ament_cmake_export_libraries-extras.cmake\n'}
[8.467401] (pb_rm_interfaces) StdoutLine: {'line': b'-- Symlinking: /home/asus/nav_2027/rm_nav_v2/install/pb_rm_interfaces/share/pb_rm_interfaces/cmake/ament_cmake_export_targets-extras.cmake\n'}
[8.471874] (pb_rm_interfaces) StdoutLine: {'line': b'-- Symlinking: /home/asus/nav_2027/rm_nav_v2/install/pb_rm_interfaces/share/pb_rm_interfaces/cmake/rosidl_cmake_export_typesupport_targets-extras.cmake\n'}
[8.476657] (pb_rm_interfaces) StdoutLine: {'line': b'-- Symlinking: /home/asus/nav_2027/rm_nav_v2/install/pb_rm_interfaces/share/pb_rm_interfaces/cmake/rosidl_cmake_export_typesupport_libraries-extras.cmake\n'}
[8.481078] (pb_rm_interfaces) StdoutLine: {'line': b'-- Symlinking: /home/asus/nav_2027/rm_nav_v2/install/pb_rm_interfaces/share/pb_rm_interfaces/cmake/rosidl_cmake_aggregate_target-extras.cmake\n'}
[8.485482] (pb_rm_interfaces) StdoutLine: {'line': b'-- Symlinking: /home/asus/nav_2027/rm_nav_v2/install/pb_rm_interfaces/share/pb_rm_interfaces/cmake/pb_rm_interfacesConfig.cmake\n'}
[8.490240] (pb_rm_interfaces) StdoutLine: {'line': b'-- Symlinking: /home/asus/nav_2027/rm_nav_v2/install/pb_rm_interfaces/share/pb_rm_interfaces/cmake/pb_rm_interfacesConfig-version.cmake\n'}
[8.494982] (pb_rm_interfaces) StdoutLine: {'line': b'-- Symlinking: /home/asus/nav_2027/rm_nav_v2/install/pb_rm_interfaces/share/pb_rm_interfaces/package.xml\n'}
[8.499534] (pb_rm_interfaces) StdoutLine: {'line': b'-- Installing: /home/asus/nav_2027/rm_nav_v2/install/pb_rm_interfaces/lib/libpb_rm_interfaces__rosidl_generator_c.so\n'}
[8.499957] (pb_rm_interfaces) StdoutLine: {'line': b'-- Set non-toolchain portion of runtime path of "/home/asus/nav_2027/rm_nav_v2/install/pb_rm_interfaces/lib/libpb_rm_interfaces__rosidl_generator_c.so" to ""\n'}
[8.500414] (pb_rm_interfaces) StdoutLine: {'line': b'-- Installing: /home/asus/nav_2027/rm_nav_v2/install/pb_rm_interfaces/lib/libpb_rm_interfaces__rosidl_typesupport_fastrtps_c.so\n'}
[8.500577] (pb_rm_interfaces) StdoutLine: {'line': b'-- Set non-toolchain portion of runtime path of "/home/asus/nav_2027/rm_nav_v2/install/pb_rm_interfaces/lib/libpb_rm_interfaces__rosidl_typesupport_fastrtps_c.so" to ""\n'}
[8.500832] (pb_rm_interfaces) StdoutLine: {'line': b'-- Installing: /home/asus/nav_2027/rm_nav_v2/install/pb_rm_interfaces/lib/libpb_rm_interfaces__rosidl_typesupport_introspection_c.so\n'}
[8.501027] (pb_rm_interfaces) StdoutLine: {'line': b'-- Set non-toolchain portion of runtime path of "/home/asus/nav_2027/rm_nav_v2/install/pb_rm_interfaces/lib/libpb_rm_interfaces__rosidl_typesupport_introspection_c.so" to ""\n'}
[8.501120] (pb_rm_interfaces) StdoutLine: {'line': b'-- Installing: /home/asus/nav_2027/rm_nav_v2/install/pb_rm_interfaces/lib/libpb_rm_interfaces__rosidl_typesupport_c.so\n'}
[8.501201] (pb_rm_interfaces) StdoutLine: {'line': b'-- Set non-toolchain portion of runtime path of "/home/asus/nav_2027/rm_nav_v2/install/pb_rm_interfaces/lib/libpb_rm_interfaces__rosidl_typesupport_c.so" to ""\n'}
[8.501276] (pb_rm_interfaces) StdoutLine: {'line': b'-- Installing: /home/asus/nav_2027/rm_nav_v2/install/pb_rm_interfaces/lib/libpb_rm_interfaces__rosidl_typesupport_fastrtps_cpp.so\n'}
[8.501366] (pb_rm_interfaces) StdoutLine: {'line': b'-- Set non-toolchain portion of runtime path of "/home/asus/nav_2027/rm_nav_v2/install/pb_rm_interfaces/lib/libpb_rm_interfaces__rosidl_typesupport_fastrtps_cpp.so" to ""\n'}
[8.501439] (pb_rm_interfaces) StdoutLine: {'line': b'-- Installing: /home/asus/nav_2027/rm_nav_v2/install/pb_rm_interfaces/lib/libpb_rm_interfaces__rosidl_typesupport_introspection_cpp.so\n'}
[8.501512] (pb_rm_interfaces) StdoutLine: {'line': b'-- Set non-toolchain portion of runtime path of "/home/asus/nav_2027/rm_nav_v2/install/pb_rm_interfaces/lib/libpb_rm_interfaces__rosidl_typesupport_introspection_cpp.so" to ""\n'}
[8.501583] (pb_rm_interfaces) StdoutLine: {'line': b'-- Installing: /home/asus/nav_2027/rm_nav_v2/install/pb_rm_interfaces/lib/libpb_rm_interfaces__rosidl_typesupport_cpp.so\n'}
[8.501672] (pb_rm_interfaces) StdoutLine: {'line': b'-- Set non-toolchain portion of runtime path of "/home/asus/nav_2027/rm_nav_v2/install/pb_rm_interfaces/lib/libpb_rm_interfaces__rosidl_typesupport_cpp.so" to ""\n'}
[8.517264] (-) TimerEvent: {}
[8.540845] (pb_rm_interfaces) StdoutLine: {'line': b"Listing '/home/asus/nav_2027/rm_nav_v2/install/pb_rm_interfaces/lib/python3.12/site-packages/pb_rm_interfaces'...\n"}
[8.541027] (pb_rm_interfaces) StdoutLine: {'line': b"Compiling '/home/asus/nav_2027/rm_nav_v2/install/pb_rm_interfaces/lib/python3.12/site-packages/pb_rm_interfaces/__init__.py'...\n"}
[8.541121] (pb_rm_interfaces) StdoutLine: {'line': b"Listing '/home/asus/nav_2027/rm_nav_v2/install/pb_rm_interfaces/lib/python3.12/site-packages/pb_rm_interfaces/msg'...\n"}
[8.541201] (pb_rm_interfaces) StdoutLine: {'line': b"Compiling '/home/asus/nav_2027/rm_nav_v2/install/pb_rm_interfaces/lib/python3.12/site-packages/pb_rm_interfaces/msg/__init__.py'...\n"}
[8.541278] (pb_rm_interfaces) StdoutLine: {'line': b"Compiling '/home/asus/nav_2027/rm_nav_v2/install/pb_rm_interfaces/lib/python3.12/site-packages/pb_rm_interfaces/msg/_buff.py'...\n"}
[8.541352] (pb_rm_interfaces) StdoutLine: {'line': b"Compiling '/home/asus/nav_2027/rm_nav_v2/install/pb_rm_interfaces/lib/python3.12/site-packages/pb_rm_interfaces/msg/_event_data.py'...\n"}
[8.541425] (pb_rm_interfaces) StdoutLine: {'line': b"Compiling '/home/asus/nav_2027/rm_nav_v2/install/pb_rm_interfaces/lib/python3.12/site-packages/pb_rm_interfaces/msg/_game_robot_hp.py'...\n"}
[8.541499] (pb_rm_interfaces) StdoutLine: {'line': b"Compiling '/home/asus/nav_2027/rm_nav_v2/install/pb_rm_interfaces/lib/python3.12/site-packages/pb_rm_interfaces/msg/_game_status.py'...\n"}
[8.541569] (pb_rm_interfaces) StdoutLine: {'line': b"Compiling '/home/asus/nav_2027/rm_nav_v2/install/pb_rm_interfaces/lib/python3.12/site-packages/pb_rm_interfaces/msg/_gimbal.py'...\n"}
[8.541662] (pb_rm_interfaces) StdoutLine: {'line': b"Compiling '/home/asus/nav_2027/rm_nav_v2/install/pb_rm_interfaces/lib/python3.12/site-packages/pb_rm_interfaces/msg/_gimbal_cmd.py'...\n"}
[8.541737] (pb_rm_interfaces) StdoutLine: {'line': b"Compiling '/home/asus/nav_2027/rm_nav_v2/install/pb_rm_interfaces/lib/python3.12/site-packages/pb_rm_interfaces/msg/_ground_robot_position.py'...\n"}
[8.541822] (pb_rm_interfaces) StdoutLine: {'line': b"Compiling '/home/asus/nav_2027/rm_nav_v2/install/pb_rm_interfaces/lib/python3.12/site-packages/pb_rm_interfaces/msg/_models.py'...\n"}
[8.541893] (pb_rm_interfaces) StdoutLine: {'line': b"Compiling '/home/asus/nav_2027/rm_nav_v2/install/pb_rm_interfaces/lib/python3.12/site-packages/pb_rm_interfaces/msg/_rfid_status.py'...\n"}
[8.541962] (pb_rm_interfaces) StdoutLine: {'line': b"Compiling '/home/asus/nav_2027/rm_nav_v2/install/pb_rm_interfaces/lib/python3.12/site-packages/pb_rm_interfaces/msg/_robot_state_info.py'...\n"}
[8.542035] (pb_rm_interfaces) StdoutLine: {'line': b"Compiling '/home/asus/nav_2027/rm_nav_v2/install/pb_rm_interfaces/lib/python3.12/site-packages/pb_rm_interfaces/msg/_robot_status.py'...\n"}
[8.544635] (pb_rm_interfaces) StdoutLine: {'line': b'-- Installing: /home/asus/nav_2027/rm_nav_v2/install/pb_rm_interfaces/lib/libpb_rm_interfaces__rosidl_generator_py.so\n'}
[8.544955] (pb_rm_interfaces) StdoutLine: {'line': b'-- Set non-toolchain portion of runtime path of "/home/asus/nav_2027/rm_nav_v2/install/pb_rm_interfaces/lib/libpb_rm_interfaces__rosidl_generator_py.so" to ""\n'}
[8.545207] (pb_rm_interfaces) StdoutLine: {'line': b'-- Installing: /home/asus/nav_2027/rm_nav_v2/install/pb_rm_interfaces/share/pb_rm_interfaces/cmake/export_pb_rm_interfaces__rosidl_generator_cExport.cmake\n'}
[8.545468] (pb_rm_interfaces) StdoutLine: {'line': b'-- Installing: /home/asus/nav_2027/rm_nav_v2/install/pb_rm_interfaces/share/pb_rm_interfaces/cmake/export_pb_rm_interfaces__rosidl_generator_cExport-noconfig.cmake\n'}
[8.545692] (pb_rm_interfaces) StdoutLine: {'line': b'-- Installing: /home/asus/nav_2027/rm_nav_v2/install/pb_rm_interfaces/share/pb_rm_interfaces/cmake/export_pb_rm_interfaces__rosidl_typesupport_fastrtps_cExport.cmake\n'}
[8.545879] (pb_rm_interfaces) StdoutLine: {'line': b'-- Installing: /home/asus/nav_2027/rm_nav_v2/install/pb_rm_interfaces/share/pb_rm_interfaces/cmake/export_pb_rm_interfaces__rosidl_typesupport_fastrtps_cExport-noconfig.cmake\n'}
[8.545963] (pb_rm_interfaces) StdoutLine: {'line': b'-- Installing: /home/asus/nav_2027/rm_nav_v2/install/pb_rm_interfaces/share/pb_rm_interfaces/cmake/pb_rm_interfaces__rosidl_typesupport_introspection_cExport.cmake\n'}
[8.546040] (pb_rm_interfaces) StdoutLine: {'line': b'-- Installing: /home/asus/nav_2027/rm_nav_v2/install/pb_rm_interfaces/share/pb_rm_interfaces/cmake/pb_rm_interfaces__rosidl_typesupport_introspection_cExport-noconfig.cmake\n'}
[8.546133] (pb_rm_interfaces) StdoutLine: {'line': b'-- Installing: /home/asus/nav_2027/rm_nav_v2/install/pb_rm_interfaces/share/pb_rm_interfaces/cmake/pb_rm_interfaces__rosidl_typesupport_cExport.cmake\n'}
[8.546208] (pb_rm_interfaces) StdoutLine: {'line': b'-- Installing: /home/asus/nav_2027/rm_nav_v2/install/pb_rm_interfaces/share/pb_rm_interfaces/cmake/pb_rm_interfaces__rosidl_typesupport_cExport-noconfig.cmake\n'}
[8.546279] (pb_rm_interfaces) StdoutLine: {'line': b'-- Installing: /home/asus/nav_2027/rm_nav_v2/install/pb_rm_interfaces/share/pb_rm_interfaces/cmake/export_pb_rm_interfaces__rosidl_generator_cppExport.cmake\n'}
[8.546350] (pb_rm_interfaces) StdoutLine: {'line': b'-- Installing: /home/asus/nav_2027/rm_nav_v2/install/pb_rm_interfaces/share/pb_rm_interfaces/cmake/export_pb_rm_interfaces__rosidl_typesupport_fastrtps_cppExport.cmake\n'}
[8.546421] (pb_rm_interfaces) StdoutLine: {'line': b'-- Installing: /home/asus/nav_2027/rm_nav_v2/install/pb_rm_interfaces/share/pb_rm_interfaces/cmake/export_pb_rm_interfaces__rosidl_typesupport_fastrtps_cppExport-noconfig.cmake\n'}
[8.546492] (pb_rm_interfaces) StdoutLine: {'line': b'-- Installing: /home/asus/nav_2027/rm_nav_v2/install/pb_rm_interfaces/share/pb_rm_interfaces/cmake/pb_rm_interfaces__rosidl_typesupport_introspection_cppExport.cmake\n'}
[8.546561] (pb_rm_interfaces) StdoutLine: {'line': b'-- Installing: /home/asus/nav_2027/rm_nav_v2/install/pb_rm_interfaces/share/pb_rm_interfaces/cmake/pb_rm_interfaces__rosidl_typesupport_introspection_cppExport-noconfig.cmake\n'}
[8.546668] (pb_rm_interfaces) StdoutLine: {'line': b'-- Installing: /home/asus/nav_2027/rm_nav_v2/install/pb_rm_interfaces/share/pb_rm_interfaces/cmake/pb_rm_interfaces__rosidl_typesupport_cppExport.cmake\n'}
[8.546742] (pb_rm_interfaces) StdoutLine: {'line': b'-- Installing: /home/asus/nav_2027/rm_nav_v2/install/pb_rm_interfaces/share/pb_rm_interfaces/cmake/pb_rm_interfaces__rosidl_typesupport_cppExport-noconfig.cmake\n'}
[8.546813] (pb_rm_interfaces) StdoutLine: {'line': b'-- Installing: /home/asus/nav_2027/rm_nav_v2/install/pb_rm_interfaces/share/pb_rm_interfaces/cmake/export_pb_rm_interfaces__rosidl_generator_pyExport.cmake\n'}
[8.546893] (pb_rm_interfaces) StdoutLine: {'line': b'-- Installing: /home/asus/nav_2027/rm_nav_v2/install/pb_rm_interfaces/share/pb_rm_interfaces/cmake/export_pb_rm_interfaces__rosidl_generator_pyExport-noconfig.cmake\n'}
[8.547352] (pb_rm_interfaces) CommandEnded: {'returncode': 0}
[8.565563] (pb_rm_interfaces) JobEnded: {'identifier': 'pb_rm_interfaces', 'rc': 0}
[8.566727] (my_serial_py) JobStarted: {'identifier': 'my_serial_py'}
[8.617413] (-) TimerEvent: {}
[8.717574] (-) TimerEvent: {}
[8.817751] (-) TimerEvent: {}
[8.917925] (-) TimerEvent: {}
[9.018099] (-) TimerEvent: {}
[9.118288] (-) TimerEvent: {}
[9.184556] (my_serial_py) Command: {'cmd': ['/usr/bin/python3', '-W', 'ignore:setup.py install is deprecated', '-W', 'ignore:easy_install command is deprecated', 'setup.py', 'develop', '--editable', '--build-directory', '/home/asus/nav_2027/rm_nav_v2/build/my_serial_py/build', '--no-deps', 'symlink_data'], 'cwd': '/home/asus/nav_2027/rm_nav_v2/build/my_serial_py', 'env': {'USER': 'asus', 'SSH_CLIENT': '192.168.1.134 49795 22', 'XDG_SESSION_TYPE': 'tty', 'SHLVL': '0', 'LD_LIBRARY_PATH': '/home/asus/nav_2027/rm_nav_v2/install/pb_rm_interfaces/lib:/opt/ros/jazzy/opt/rviz_ogre_vendor/lib:/opt/ros/jazzy/lib/x86_64-linux-gnu:/opt/ros/jazzy/opt/gz_math_vendor/lib:/opt/ros/jazzy/opt/gz_utils_vendor/lib:/opt/ros/jazzy/opt/gz_cmake_vendor/lib:/opt/ros/jazzy/lib', 'HOME': '/home/asus', 'OLDPWD': '/home/asus', 'ROS_PYTHON_VERSION': '3', 'DBUS_SESSION_BUS_ADDRESS': 'unix:path=/run/user/1000/bus', 'ROS_DISTRO': 'jazzy', 'LOGNAME': 'asus', '_': '/usr/bin/colcon', 'ROS_VERSION': '2', 'XDG_SESSION_CLASS': 'user', 'XDG_SESSION_ID': '9', 'PATH': '/opt/ros/jazzy/bin:/usr/local/sbin:/usr/local/bin:/usr/sbin:/usr/bin:/sbin:/bin:/usr/games:/usr/local/games:/snap/bin', 'XDG_RUNTIME_DIR': '/run/user/1000', 'LANG': 'en_US.UTF-8', 'AMENT_PREFIX_PATH': '/home/asus/nav_2027/rm_nav_v2/install/pb_rm_interfaces:/opt/ros/jazzy', 'SHELL': '/bin/bash', 'ROS_AUTOMATIC_DISCOVERY_RANGE': 'SUBNET', 'PWD': '/home/asus/nav_2027/rm_nav_v2/build/my_serial_py', 'LC_ALL': 'en_US.UTF-8', 'SSH_CONNECTION': '192.168.1.134 49795 192.168.1.145 22', 'PYTHONPATH': '/home/asus/nav_2027/rm_nav_v2/build/my_serial_py/prefix_override:/usr/lib/python3/dist-packages/colcon_core/task/python/colcon_distutils_commands:/home/asus/nav_2027/rm_nav_v2/install/my_serial_py/lib/python3.12/site-packages:/home/asus/nav_2027/rm_nav_v2/install/pb_rm_interfaces/lib/python3.12/site-packages:/opt/ros/jazzy/lib/python3.12/site-packages', 'COLCON': '1', 'CMAKE_PREFIX_PATH': '/home/asus/nav_2027/rm_nav_v2/install/pb_rm_interfaces:/opt/ros/jazzy/opt/gz_math_vendor:/opt/ros/jazzy/opt/gz_utils_vendor:/opt/ros/jazzy/opt/gz_cmake_vendor'}, 'shell': False}
[9.218403] (-) TimerEvent: {}
[9.318563] (-) TimerEvent: {}
[9.328565] (my_serial_py) StdoutLine: {'line': b'running develop\n'}
[9.404351] (my_serial_py) StdoutLine: {'line': b'running egg_info\n'}
[9.404629] (my_serial_py) StdoutLine: {'line': b'creating my_serial_py.egg-info\n'}
[9.411869] (my_serial_py) StdoutLine: {'line': b'writing my_serial_py.egg-info/PKG-INFO\n'}
[9.412068] (my_serial_py) StdoutLine: {'line': b'writing dependency_links to my_serial_py.egg-info/dependency_links.txt\n'}
[9.412369] (my_serial_py) StdoutLine: {'line': b'writing entry points to my_serial_py.egg-info/entry_points.txt\n'}
[9.412582] (my_serial_py) StdoutLine: {'line': b'writing requirements to my_serial_py.egg-info/requires.txt\n'}
[9.412736] (my_serial_py) StdoutLine: {'line': b'writing top-level names to my_serial_py.egg-info/top_level.txt\n'}
[9.412850] (my_serial_py) StdoutLine: {'line': b"writing manifest file 'my_serial_py.egg-info/SOURCES.txt'\n"}
[9.418651] (-) TimerEvent: {}
[9.427227] (my_serial_py) StdoutLine: {'line': b"reading manifest file 'my_serial_py.egg-info/SOURCES.txt'\n"}
[9.427545] (my_serial_py) StdoutLine: {'line': b"writing manifest file 'my_serial_py.egg-info/SOURCES.txt'\n"}
[9.435525] (my_serial_py) StdoutLine: {'line': b'running build_ext\n'}
[9.435685] (my_serial_py) StdoutLine: {'line': b'Creating /home/asus/nav_2027/rm_nav_v2/install/my_serial_py/lib/python3.12/site-packages/my-serial-py.egg-link (link to .)\n'}
[9.436023] (my_serial_py) StdoutLine: {'line': b'Installing serial_node script to /home/asus/nav_2027/rm_nav_v2/install/my_serial_py/lib/my_serial_py\n'}
[9.436407] (my_serial_py) StdoutLine: {'line': b'\n'}
[9.436534] (my_serial_py) StdoutLine: {'line': b'Installed /home/asus/nav_2027/rm_nav_v2/build/my_serial_py\n'}
[9.436632] (my_serial_py) StdoutLine: {'line': b'running symlink_data\n'}
[9.436715] (my_serial_py) StdoutLine: {'line': b'creating /home/asus/nav_2027/rm_nav_v2/install/my_serial_py/share/ament_index\n'}
[9.436794] (my_serial_py) StdoutLine: {'line': b'creating /home/asus/nav_2027/rm_nav_v2/install/my_serial_py/share/ament_index/resource_index\n'}
[9.436866] (my_serial_py) StdoutLine: {'line': b'creating /home/asus/nav_2027/rm_nav_v2/install/my_serial_py/share/ament_index/resource_index/packages\n'}
[9.436960] (my_serial_py) StdoutLine: {'line': b'symbolically linking /home/asus/nav_2027/rm_nav_v2/build/my_serial_py/resource/my_serial_py -> /home/asus/nav_2027/rm_nav_v2/install/my_serial_py/share/ament_index/resource_index/packages\n'}
[9.437049] (my_serial_py) StdoutLine: {'line': b'symbolically linking /home/asus/nav_2027/rm_nav_v2/build/my_serial_py/package.xml -> /home/asus/nav_2027/rm_nav_v2/install/my_serial_py/share/my_serial_py\n'}
[9.437123] (my_serial_py) StdoutLine: {'line': b'creating /home/asus/nav_2027/rm_nav_v2/install/my_serial_py/share/my_serial_py/launch\n'}
[9.437195] (my_serial_py) StdoutLine: {'line': b'symbolically linking /home/asus/nav_2027/rm_nav_v2/build/my_serial_py/launch/serial.launch.py -> /home/asus/nav_2027/rm_nav_v2/install/my_serial_py/share/my_serial_py/launch\n'}
[9.452473] (my_serial_py) CommandEnded: {'returncode': 0}
[9.456264] (my_serial_py) JobEnded: {'identifier': 'my_serial_py', 'rc': 0}
[9.456836] (-) EventReactorShutdown: {}
